-- MySQL dump 10.13  Distrib 5.6.14, for Win32 (x86)
--
-- Host: localhost    Database: gym
-- ------------------------------------------------------
-- Server version	5.6.14

/*!40101 SET @OLD_CHARACTER_SET_CLIENT=@@CHARACTER_SET_CLIENT */;
/*!40101 SET @OLD_CHARACTER_SET_RESULTS=@@CHARACTER_SET_RESULTS */;
/*!40101 SET @OLD_COLLATION_CONNECTION=@@COLLATION_CONNECTION */;
/*!40101 SET NAMES utf8 */;
/*!40103 SET @OLD_TIME_ZONE=@@TIME_ZONE */;
/*!40103 SET TIME_ZONE='+00:00' */;
/*!40014 SET @OLD_UNIQUE_CHECKS=@@UNIQUE_CHECKS, UNIQUE_CHECKS=0 */;
/*!40014 SET @OLD_FOREIGN_KEY_CHECKS=@@FOREIGN_KEY_CHECKS, FOREIGN_KEY_CHECKS=0 */;
/*!40101 SET @OLD_SQL_MODE=@@SQL_MODE, SQL_MODE='NO_AUTO_VALUE_ON_ZERO' */;
/*!40111 SET @OLD_SQL_NOTES=@@SQL_NOTES, SQL_NOTES=0 */;

--
-- Table structure for table `alimentos`
--

DROP TABLE IF EXISTS `alimentos`;
/*!40101 SET @saved_cs_client     = @@character_set_client */;
/*!40101 SET character_set_client = utf8 */;
CREATE TABLE `alimentos` (
  `nombre` varchar(50) NOT NULL,
  `pc` float DEFAULT '0',
  `agua` float DEFAULT '0',
  `prot` float DEFAULT '0',
  `hc` float DEFAULT '0',
  `grasa` float DEFAULT '0',
  `satur` float DEFAULT '0',
  `mono` float DEFAULT '0',
  `poli` float DEFAULT '0',
  `colesterol` float DEFAULT '0',
  `fibra` float DEFAULT '0',
  `sodio` float DEFAULT '0',
  `potasio` float DEFAULT '0',
  `magnesio` float DEFAULT '0',
  `calcio` float DEFAULT '0',
  `fosforo` float DEFAULT '0',
  `hierro` float DEFAULT '0',
  `indiceglucemico` float DEFAULT '0',
  `id` int(11) NOT NULL AUTO_INCREMENT,
  PRIMARY KEY (`id`,`nombre`)
) ENGINE=InnoDB AUTO_INCREMENT=564 DEFAULT CHARSET=latin1;
/*!40101 SET character_set_client = @saved_cs_client */;

--
-- Dumping data for table `alimentos`
--

LOCK TABLES `alimentos` WRITE;
/*!40000 ALTER TABLE `alimentos` DISABLE KEYS */;
INSERT INTO `alimentos` VALUES ('ABLARICOQUE',0.91,85.3,0.9,9.9,0.1,0,0,0,0,2,2,278,9,16,21,0.65,0,1),('ACEDIA',0.71,76.8,20.8,0,0.4,0.1,0.1,0.1,50,0,100,309,49,27,195,0.8,0,2),('ACEDRA',0.7,93,2,3.2,0.7,0,0,0,0,0.8,4,390,103,44,63,2.4,0,3),('ACEITE DE CACAHUETE',1,0.4,0,0,99.4,13,53,24.6,1,0,0,0,0,0,0,0.06,0,4),('ACEITE DE COCO',1,0,0,0,100,96,5.8,1.8,0,0,0,0,0,2,1,0.04,0,5),('ACEITE DE GERMEN DE TRIGO',1,0,0,0,99.5,17.2,157,64.7,0,0,0,0,0,0,0,0,0,6),('ACEITE DE GIRASOL',1,0.2,0,0,99.8,11,22.4,60.7,2,0,0,0,0,0,0,0.03,0,7),('ACEITE DE HÍGADO DE BACALAO',1,0,0,0,99.9,4.5,47.5,34.5,500,0,0,0,0,0,0,0,0,8),('ACEITE DE MAIZ',1,0,0,0,100,13.4,31.6,50.9,2,0,1,1,0,15,0,1.3,0,9),('ACEITE DE NUECES',1,0,0,0,99.5,8.6,15.7,70.9,1,0,0,0,0,0,0,0,0,10),('ACEITE DE OLIVA',1,0.2,0,0.2,99.6,13.2,73.2,9,0,0,0,0,0,0,0,0,0,11),('ACEITE DE PALMA',1,0,0,0,100,49.9,37,9.3,0,0,0,0,0,0,0,0.01,0,12),('ACEITE DE SEMILLA DE PALMA',1,0,0,0,100,88.7,11.4,1.6,0,0,0,0,0,0,0,0,0,13),('ACEITE DE SOJA',1,0,0,0,98.6,13.9,20.6,61,2,0,0,0,0,0,0,0,0,14),('ACEITUNAS',0.8,74.8,1.4,1.8,13.9,2,8.5,1.1,0,2.4,2100,43,19,96,17,1.8,0,15),('ACELGA',0.81,92.2,2.1,0.7,0.3,0,0,0.1,0,1.1,90,376,68,103,39,2.7,0,16),('ACHICORIA',0.89,94.4,1.3,1.1,0.2,0,0,0.1,0,1.3,4,192,13,26,26,0.74,0,17),('AGUA TÓNICA',1,91.1,0,8.8,0,0,0,0,0,0,4,0,0,1,0,0,0,18),('AGUACATE',0.75,68,1.9,0.4,23.5,3.4,16.5,2,0,3.3,3,503,29,10,38,0.6,0,19),('AJO',0.88,64,6.1,28.4,0.1,0,0,0.1,0,1,32,515,0,38,134,1.4,0,20),('ALCACHOFA',0.48,82.5,2.4,2.9,0.1,0,0,0.1,0,10.8,47,353,26,53,130,1.5,0,21),('ALCAPARRAS',1,85.2,2.2,3.8,0,0,0,0,0,0.8,1530,0,0,0,0,0,0,22),('ALL BRAN KELLOGG\'S',1,3,15.1,44.9,3.4,0.6,0.5,2.2,0,28.6,900,1000,210,69,700,12,0,23),('ALMEJA ESPECIES MIXTAS',0.25,81.8,12.8,2.6,1,0.1,0.1,0.3,34,0,56,314,9,46,169,13.98,0,24),('ALMENDRAS',1,5.7,18.7,9.1,54.1,4.4,36.8,10.1,0,9.8,23,835,170,252,454,4.13,0,25),('ALMENDRAS GARRAPIÑADAS',1,2.9,9.4,54.4,27.1,2.2,18.4,5.1,0,4.9,11,419,85,126,227,2.21,0,26),('ALMIDÓN DE ARROZ',1,13.8,0.8,85,0,0,0,0,0,0,61,8,20,20,98,0.35,0,27),('ALTRAMUCES EN SALMUERA',1,71.1,15.6,9.9,2.9,0.3,1.2,0.7,0,0.7,502,245,54,51,128,1.2,0,28),('ANACARDO',1,4,17.5,30.5,42.2,9.2,24.4,6.9,0,2.9,14,552,267,31,373,2.8,0,29),('ANCHOAS EN ACEITE',1,50.3,28.9,0,9.7,2.2,3.7,2.7,95,0,3668,544,69,232,252,4.63,0,30),('ANGUILA',0.7,59.3,15,0,24.5,5.6,11.5,1.4,142,0,65,217,21,17,223,0.6,0,31),('ANGUILA AHUMADA',0.76,51.1,17.9,0,28.6,8.6,13.3,3.8,188,0,500,243,18,19,250,0.67,0,32),('APIO RAIZ (CELERI-RAVE)',0.73,88.6,1.6,2.3,0.3,0.1,0,0.2,0,4.2,77,321,9,68,80,0.53,0,33),('APIO TALLOS',0.89,94.6,0.8,3.7,0.1,0.1,0,0.1,0,1.6,87,287,11,40,25,0.4,0,34),('ARÁNDANOS',1,87.6,0.7,6.5,0.6,0,0,0,0,0,9,72,12,13,14,1.5,0,35),('ARENQUE AHUMADO',0.61,61,22.2,0,12.9,1.9,6.4,4.2,75,0,720,285,50,66,254,1.4,0,36),('ARENQUE CRUDO',0.7,65.3,18.2,0,17.8,2.7,8.9,5.8,91,0,117,360,31,34,250,1.1,0,37),('ARENQUE SECO',0.59,64,17,0,6,0.9,3.1,2.1,50,0,67,0,0,0,0,0,0,38),('ARROZ',1,12.9,6.8,77.7,0.6,0.1,0.2,0.2,0,1.4,6,103,64,6,120,0.6,72,39),('ARROZ COCIDO',1,78,2,19.5,0.2,0,0,0,0,1,448,31,11,3,36,0.1,0,40),('ARROZ SALVAJE CON ARROZ LARGO Y VERDURAS',1,0,9,67,0.8,0.4,0,0,0,8,1800,0,0,0,0,0,0,41),('ATÚN EN ACEITE (ESCURRIDO)',1,52.5,23.8,0,8.2,1.5,3,2.9,32,0,361,343,28,7,294,1.2,0,42),('ATÚN FRESCO',0.61,61.5,21.5,0,15.5,4.1,4,5.1,60,0,43,280,28,40,200,1,0,43),('AVELLANA',1,5.2,12,11.4,61.6,4.5,47.6,6.5,0,7.4,2,636,156,226,333,3.8,0,44),('AVENA (COPOS, MARCA: DIET)',1,0,12,68,7,0,0,0,0,0,0,0,0,0,0,0,0,45),('AZAFRÁN (ESPECIAS)',1,11.9,11.4,65.4,5.9,0,0,0,0,3.9,148,1724,0,111,252,11.1,0,46),('AZÚCAR BLANCO (SACAROSA)',1,0.1,0,99.8,0,0,0,0,0,0,0,2,0,1,0,0.29,59,47),('BACALADILLA',0.75,79.9,17.7,0,0.4,0.1,0,0.1,47,0,72,356,25,24,184,0.44,0,48),('BACALAO EN SALAZÓN',1,16.1,62.8,0,2.4,0.5,0.3,0.7,152,0,7027,1458,133,160,950,2.5,0,49),('BACALAO FRESCO',0.75,80.8,17.7,0,0.4,0.1,0.1,0.1,47,0,72,356,25,24,184,0.44,0,50),('BAILA',0.66,71.1,23.2,0,3.7,1.4,0.8,1.2,68,0,70,356,30,80,200,1.49,0,51),('BATATA',0.81,69.2,1.6,31.3,0.6,0.1,0,0.3,0,7.8,4,413,25,35,45,0.85,0,52),('BEBIDAS CARBONATADAS DE COLA',1,89.4,0,10.4,0,0,0,0,0,0,4,1,1,3,12,0.03,0,53),('BEBIDAS DE COLA BAJAS EN CALOR',1,99.8,0,0.1,0,0,0,0,0,0,6,0,1,4,9,0.03,0,54),('BERBERECHO/CHIRLA COCIDOS',1,78.9,11.3,0,0.3,0,0,0,40,0,3520,43,51,130,200,26,0,55),('BERENJENA',0.83,92.6,1.2,2.7,0.2,0,0,0,0,1.4,4,266,11,13,21,0.42,0,56),('BERROS',1,93.5,1.6,2,0.3,0.1,0,0.1,0,1.5,12,276,34,180,64,3.14,0,57),('BERZA',0.51,86.3,4.3,3,0.9,0.1,0,0.5,0,4.2,42,490,31,212,87,1.9,0,58),('BESUGO',0.6,69.1,21.1,0,7.8,2.4,2.5,2.3,60,0,123,239,24,184,236,1.7,0,59),('BIGARO COCIDOS',0.19,79.1,15.3,0,1.4,0,0,0,100,0,1140,150,360,140,220,15,0,60),('BIVALVOS PROMEDIO',0.4,82.5,10.9,0.6,1,0.3,0.1,0.3,89,0,1108,213,52,64,217,12.2,0,61),('BOGAVANTE',0.36,79.8,15.9,0,1.9,0.2,0.3,0.8,135,0,270,220,24,61,234,1,0,62),('BOLLICAO',1,45,7.7,55.4,11.8,2.2,0,6.1,0,0,113,140,19,175,65,1.52,0,63),('BOLLO DE LECHE',1,33,9,53,6,0,0,0,6,2.5,470,150,30,130,125,1.3,0,64),('BOLLO SUIZO',1,38.7,10,42.5,17,10.2,4.7,1.2,139,2,359,156,18,45,152,1.4,0,65),('BOQUERÓN',0.73,72.6,21.1,0,4.3,1.3,0.9,1.7,100,0,104,278,41,82,233,4.9,0,66),('BORRAJA',1,93,1.8,3.1,0.7,0,0,0,0,0.9,80,470,52,93,53,3.3,0,67),('BRECA',0.6,77.6,18.8,0,1.6,0.5,0.3,0.6,60,0,123,239,24,184,236,1.7,0,68),('BRÓCOLES',0.61,89.7,3.3,2.8,0.2,0,0,0.1,0,3,13,464,24,105,82,1.3,0,69),('BROTES DE SOJA',0.83,86.9,5.3,5.9,1.2,0.2,0.3,0.7,0,0,30,218,15,42,58,0.85,0,70),('BUEY DE MAR',0.2,72.5,18,0.7,1,0.1,0.2,0.3,59,0,295,354,45,46,182,0.37,0,71),('BUTIFARRA CATALANA',0.99,54.3,17.7,0.4,19.6,7.2,9,2.4,57,0,845,325,28,9,160,0.93,0,72),('CABALLA',0.65,68,18.7,0,11.9,3.8,3.9,2.5,69,0,95,396,30,12,244,1,0,73),('CABALLA EN CONSERVA',0.98,69.2,23.2,0,6.3,1.9,2.2,1.8,79,0,379,194,37,241,301,2.04,0,74),('CABEZA DE JABALÍ O DE CERDO',1,46.5,21.5,0,27.7,10.3,12.4,2.7,79,0,907,180,12,36,53,3.13,0,75),('CABRA PROMEDIO',0.81,70,19.5,0,7.9,2.4,3.3,0.8,78,0,88,350,24,10,190,1.95,0,76),('CABRACHO',0.48,76.9,18.2,0,3.6,0.7,1.9,1.2,34,0,80,308,29,22,201,0.69,0,77),('CACAHUETES TOSTADOS',1,1.6,25.6,13.4,49.4,6.5,22.7,14.2,0,7.4,6,777,182,65,409,2.32,13,78),('CACAO EN POLVO CON AZÚCAR',1,3,6,80,6,3.6,2,0.1,0,0.8,200,550,140,40,210,3.7,0,79),('CACAO EN POLVO SIN AZÚCAR',1,5.6,19.8,10.8,24.5,14.8,8.1,0.4,0,37.7,490,1920,414,114,656,12.5,0,80),('CAFÉ INFUSIÓN',1,99.3,0.1,0.4,0,0,0,0,0,0,2,54,5,2,1,0.05,0,81),('CAFÉ INSTANTÁNEO',1,3.4,14.6,11,0,0,0,0,0,0,41,4000,390,160,350,4.4,0,82),('CALABACÍN',0.87,92.2,1.6,2.1,0.4,0.1,0,0.2,0,1.1,2,291,10,30,23,1.5,0,83),('CALABAZA',0.7,91.3,1.1,4.8,0.1,0,0,0.1,0,0.5,1,383,8,22,44,0.8,75,84),('CALAMAR ESPECIES MIXTAS',0.85,78.6,15.6,3.1,1.4,0.4,0.1,0.5,233,0,44,246,33,32,221,0.68,0,85),('CALLOS DE VACA',1,75.4,14.8,0,8.3,3.9,3.4,0.4,95,0,73,100,15,150,90,10,0,86),('CAMARON',0.43,78.4,18.6,0,1.4,0.3,0.3,0.8,138,0,146,266,67,92,224,1.76,0,87),('CANELA (ESPECIAS)',1,9.5,3.9,79.9,3.2,0.7,0.5,0.5,0,24.4,26,500,56,1228,61,38.07,0,88),('CANGREJO DE MAR',0.4,80.6,18.5,0,1.2,0.1,0.3,0.5,55,0,539,173,34,26,133,0.74,0,89),('CANGREJO DE RÍO ESPECIES MIXTA',0.23,83.1,15,0,1.4,0.2,0.3,0.3,158,0,253,254,25,43,224,2,0,90),('CANONIGOS',1,93.4,1.8,0.7,0.4,0,0,0,0,1.5,4,425,13,35,49,2,0,91),('CAPON ASADO',0.74,58.7,29,0,11.7,0,0,0,86,0,49,255,24,14,246,1.49,0,92),('CARABINERO, GAMBÓN',0.6,71.5,23.9,0.9,1.7,0.3,0.8,0.4,152,0,190,330,34,79,205,1,0,93),('CARACOL',0.4,79,16,0,1,0,0,0,100,0,0,0,0,0,0,0,0,94),('CARDO',1,94,0.7,4.9,0.1,0,0,0.1,0,0,170,400,42,70,23,0.7,0,95),('CARNE DE CABALLO',1,72.6,21.4,0,4.6,1.4,1.6,0.7,52,0,53,360,24,6,221,3.82,0,96),('CASTAÑAS',0.8,50.1,2.5,41.2,1.3,0.2,0.4,0.5,0,0,2,707,45,33,87,1.32,0,97),('CAVIAR SUCEDÁNEO',1,71.2,14,0,6.5,0,0,0,94,0,2120,101,0,51,0,0,0,98),('CAZÓN',0.8,78.5,18.7,0,0.9,0.2,0.2,0.3,51,0,79,160,49,34,210,0.84,0,99),('CAZÓN ESPECIES MIXTAS ESCUALOS',1,73.6,21,0,4.5,0.9,1.8,1.3,51,0,79,160,49,34,210,0.84,0,100),('CEBOLLA',0.92,87.6,1.3,5.8,0.3,0.1,0,0.1,0,3.1,9,175,11,31,42,0.5,0,101),('CEBOLLINO',1,83.3,3.6,1.6,0.7,0.1,0,0.4,0,1.1,3,434,44,129,75,1.9,0,102),('CECINA',1,45,39,0,9.5,4.4,3.9,0.5,120,0,2100,621,39,48,321,9.8,0,103),('CEFALÓPODOS PROMEDIO',1,75.7,15.6,2.5,1.3,0.3,0.1,0.5,215,0,78,249,33,32,213,1.15,0,104),('CERDO CARNE GRASA PROMEDIO',1,58.2,18.9,0,18,6.7,8.1,2.3,63,0,363,310,23,9,153,2.03,0,105),('CERDO CARNE MAGRA PROMEDIO',1,67.2,21.5,0,6.3,2.2,2.8,0.7,62,0,68,369,24,6,218,0.86,0,106),('CERDO CHULETAS',0.8,66.9,19,0,13,4.8,5.8,1.7,70,0,65,315,24,11,150,1.8,0,107),('CERDO COSTILLAS',0.83,58.7,20.9,0,17,6.3,7.6,2.2,71,0,950,324,26,6,160,2.5,0,108),('CERDO FILETES',1,67.6,19.3,0,11.9,4.4,5.3,1.6,57,0,74,348,24,2,173,0.88,0,109),('CERDO JAMON COCIDO GRASO',1,62,21.4,0,12.8,4.8,5.8,1.7,85,0,960,270,24,15,136,2.3,0,110),('CERDO LOMO SOLO CARNE',1,70,22,0,7.2,2.5,3.2,0.8,63,0,66,362,23,5,206,0.84,0,111),('CERDO LOMO SOLOMILLO',1,66.9,19,0,13,4.8,5.8,1.7,70,0,65,315,24,11,150,1.8,0,112),('CERDO MÚSCULOS',1,74.7,22,0,1.9,0.7,0.9,0.1,65,0,56,418,27,3,204,1,0,113),('CERDO PALETILLA (LACON)',1,58.3,16.7,0,23.9,8.9,10.7,3.1,49,0,74,291,21,9,149,1.8,0,114),('CERDO PIERNA SOLO CARNE',1,72.8,21,0,5.3,1.9,2.4,0.6,61,0,69,376,25,6,230,0.87,0,115),('CERDO RABO',0.7,46.1,17.8,0,33.5,11.6,14.6,3.9,97,0,62,274,8,18,50,0,0,116),('CERDO SOLOMILLO (SOLO CARNE)',1,74.8,21,0,2.5,0.9,1.1,0.3,65,0,49,362,23,7,362,1.31,0,117),('CEREZAS',0.88,82.8,0.9,14.2,0.3,0.1,0.1,0.1,0,1.9,3,229,11,17,20,0.35,23,118),('CHALOTAS',1,79.8,2.5,16.8,0.1,0,0,0,0,0.7,12,334,0,37,60,1.2,0,119),('CHAMPIÑÓN',0.93,90.7,2.7,0.7,0.2,0,0,0.2,0,1.9,8,422,13,8,123,1.26,0,120),('CHICHARRÓN',1,21.7,36.5,0,33.2,12.3,14.9,4.3,120,0,857,180,14,26,69,2.63,0,121),('CHILI POLVO (ESPECIAS)',1,7.8,12.3,54.7,16.8,0,0,0,0,22.2,1010,1916,170,278,303,14.25,0,122),('CHIRIMOLLA',0.65,74.1,1.5,13.4,0.3,0,0,0,0,0,0,0,0,13,32,0.4,0,123),('CHISTORRA 1ª BOE',1,25.9,12.7,7,45.7,16.5,21.4,5.6,60,0.7,811,326,27,25,131,1.65,0,124),('CHISTORRA 2ª BOE',1,16.8,11.7,7.5,55.4,20,26,6.7,62,0.7,809,308,26,25,123,1.61,0,125),('CHOCOLATE CON LECHE',1,1.4,9.2,54.1,31.5,19,10.4,0.5,15,0,58,471,86,214,242,2.3,0,126),('CHOCOLATE SIN LECHE',1,0.9,5.3,47,30,18.1,9.9,0.5,9,15.6,19,397,100,63,287,3.2,0,127),('CHOQUITO',0.79,78.9,18.2,0,0.9,0.2,0.1,0.4,112,0,387,273,33,27,143,0.8,0,128),('CHORIZO 1ª BOE',1,37.2,15.5,5.9,32.7,11.8,15.3,4.1,61,0.7,818,379,31,25,156,1.77,0,129),('CHORIZO 2ª BOE',1,35.1,15,5.9,35.3,12.7,16.5,4.4,61,0.7,817,369,30,25,151,1.75,0,130),('CHORIZO 3ª BOE',1,29.3,14.1,6.5,41.4,15,19.4,5.1,61,0.7,815,352,29,25,144,1.71,0,131),('CHORIZO BLANCO',0.99,46,19.8,0,27,10,12.1,3.5,75,0,1116,242,13,9,74,1.28,0,132),('CHORIZO CERDO IBÉRICO 1ª BOE',1,23.9,12.1,7,48.3,17.5,22.7,5.9,59,0.7,810,316,27,25,126,1.63,0,133),('CHORIZO CERDO IBÉRICO EXTRA BOE',1,33.1,14.6,5.7,37.9,13.7,17.7,4.7,61,0.7,816,362,30,25,148,1.73,0,134),('CHORIZO DE LA CAMPIÑA CÓRDOBA',0.99,32.7,21.4,0,30.6,11.3,13.7,4,78,0,955,297,18,23,75,2.54,0,135),('CHORIZO DE LA SIERRA CÓRDOBA',0.99,35,21,0,39.2,14.5,17.6,5.1,84,0,1233,319,26,35,54,3.96,0,136),('CHORIZO DE PATATA CÓRDOBA',0.98,17,6.5,18,54.1,20.1,24.3,7,44,0,1041,393,29,19,42,4.12,0,137),('CHORIZO EXTRA NORMA BOE',1,38,17.5,5.2,30.7,11,14.3,3.8,65,0.7,823,415,33,26,174,1.86,0,138),('CHORIZO PAMPLONA 1ª BOE',1,21,15,7.6,47.7,17.3,22.3,5.8,67,0.7,896,367,30,28,150,2.06,0,139),('CHORIZO PAMPLONA EXTRA BOE',1,25.8,17.7,6.1,41.8,15.1,19.5,5.1,72,0.7,903,412,34,29,172,2.24,0,140),('CHOUCROUTTE',1,90.7,1.5,2.4,0.3,0.1,0,0.1,0,2.1,355,288,14,48,43,0.6,0,141),('CHURROS',1,32.5,5,26.4,28.2,3.1,6.3,17.1,1,0,778,66,20,12,63,0.68,0,142),('CIERVO',0.7,74.7,20.6,0,3.3,1.6,1.4,0.2,70,0,61,330,29,7,249,1.9,0,143),('CIGALA',0.29,76.8,18.8,0.5,0.9,0.1,0.2,0.4,95,0,330,260,34,62,280,0.8,0,144),('CIRUELAS CLAUDIAS',0.96,80.7,0.8,13.5,0,0,0,0,0,2.3,1,243,10,13,25,1.14,0,145),('CIRUELAS CRUDAS',0.94,82.4,0.7,14.9,0.2,0,0,0,0,0,0,230,15,12,33,0.5,25,146),('CIRUELAS PASAS',0.85,24,2.3,53.2,0.6,0,0,0,0,9,8,824,27,41,73,2.3,0,147),('CLAVO (ESPECIAS)',1,6.9,6,61.2,20.1,4.3,0,0,0,9.6,243,1102,264,646,105,8.68,0,148),('COCA-COLA',1,88,0,10.5,0,0,0,0,0,0,6,1,1,4,15,0,0,149),('COCO RALLADO',1,15.6,3.3,47.6,32.2,32.7,1.4,0.4,0,2.1,256,316,48,14,100,1.8,0,150),('CODORNICES',0.7,75.9,22.4,0,2.3,0.8,0.6,0.6,43,0,47,281,31,15,179,4.5,0,151),('COL BLANCA, REPOLLO',0.78,92.1,1.4,4.6,0.2,0,0,0.1,0,2.5,13,227,23,46,28,0.5,0,152),('COL CHINA',0.79,95.4,1.2,1.3,0.3,0,0,0.1,0,1.7,7,202,11,40,30,0.6,0,153),('COL DE BRUSELAS',0.78,85,4.5,3.8,0.3,0.1,0,0.2,0,4.4,7,411,22,31,84,1.1,0,154),('COL RIZADA',0.72,90,3,2.4,0.4,0,0,0.2,0,1.5,9,282,12,47,56,0.9,0,155),('COLIFLOR',0.62,91.6,2.5,2.5,0.3,0,0,0.1,0,2.9,16,328,17,20,54,0.63,0,156),('COMINO (ESPECIAS)',1,8.1,17.8,44.2,22.3,0,0,0,0,10.5,168,1788,366,931,499,66.35,0,157),('CONEJO CASERO PROMEDIO',0.79,69.6,20.8,0,7.6,3.1,1.4,2.5,71,0,47,382,29,14,224,3.5,0,158),('CONEJO DE CAMPO',0.64,74.6,21.9,0,4,1.6,0.8,1.3,71,0,67,360,25,22,220,1,0,159),('CONFITURA DE ARÁNDANOS',1,30.2,0.3,60.4,0,0,0,0,0,0,0,64,0,0,14,0,0,160),('CONFITURA DE CEREZA',1,32.5,0.4,62.2,0,0,0,0,0,0,0,90,0,9,9,0,0,161),('CONFITURA DE CIRUELA',1,31.1,0.3,60,0,0,0,0,0,0,0,0,0,0,9,0,0,162),('CONFITURA DE FRAMBUESA',1,28.7,0.6,61.3,0,0,0,0,0,0,0,0,0,0,16,0,0,163),('CONFITURA DE FRESA',1,33.3,0.4,58.2,0,0,0,0,0,0,0,62,0,10,10,0,0,164),('CONFITURA DE GROSELLAS',1,33.2,0.5,58.7,0,0,0,0,0,0,0,0,0,0,0,0,0,165),('CONFITURA DE MEMBRILLO',1,34.5,0.2,58.8,0,0,0,0,0,0,0,0,0,0,9,0,0,166),('CONFITURA DE MORAS',1,32.2,0.5,58.7,0,0,0,0,0,0,0,0,0,0,14,0,0,167),('CONFITURA DE NARANJA',1,31.2,0.4,60.4,0,0,0,0,0,0,11,53,0,32,5,0,0,168),('CONFLAKES',1,5.7,7.2,79.7,0.6,0,0,0,0,4,910,139,14,13,59,2,0,169),('CONGRIO',0.8,75.3,18.1,0,4.6,0.9,1.5,0.6,40,0,50,240,20,71,270,1.3,0,170),('CONSERVAS PESCADO PROMEDIO',1,59.2,26.5,0.1,9.1,2.1,4.1,2.3,104,0,1470,465,55,287,415,2.88,0,171),('CORAZÓN DE TERNERA',0.85,77,15.9,0,5.1,2.4,2.1,0.4,193,0,104,265,25,16,180,3.7,0,172),('CORDERO CARNE GRASA PROMEDIO',1,47.1,13.5,0,34.5,14.8,11.1,1.3,78,0,92,320,17,9,147,1.26,0,173),('CORDERO CARNE MAGRA',1,75,20.4,0,3.4,1.5,1.1,0.1,70,0,94,289,19,12,162,1.8,0,174),('CORDERO CHULETAS DE LOMO ALTO',0.81,52,14.9,0,32,13.7,10.3,1.3,78,0,90,345,17,9,138,1.31,0,175),('CORDERO CHULETAS DE LOMO BAJO',0.87,66.7,18.7,0,13.2,5.7,4.3,0.5,78,0,75,295,19,9,140,1.65,0,176),('CORDERO COSTILLAS GRASAS',0.89,48,12,0,37,15.8,12,1.2,78,0,93,294,16,9,155,1.2,0,177),('CORDERO PALETILLA',0.78,56.1,15.6,0,25,12,9,1,71,0,66,260,18,7,150,1.2,0,178),('CORDERO PIERNA',0.84,64,18,0,18,7.7,5.8,0.7,70,0,78,380,23,10,213,2.5,0,179),('CORDERO PROMEDIO',0.81,63.9,17.6,0,16.6,7.1,5.4,0.6,71,0,84,301,24,10,194,2.3,0,180),('CORZO',0.82,75.7,21.4,0,1.3,0.5,0.4,0,70,0,60,309,24,5,220,3,0,181),('CREMA DE CHOCOLATE CHAMBURCY',1,70.9,2.9,20.6,4.1,0,0,0,0,0.5,40,137,8,102,90,0,0,182),('CRUSTÁCEOS PROMEDIO',0.4,74.1,19,0.5,1.5,0.2,0.3,0.6,108,0,1985,291,68,162,177,1.55,0,183),('CUAJADA',1,81.9,4.5,1.4,4.5,3.3,1.2,0.2,25,0,155,315,18,146,106,0.46,0,184),('CUAJADA CHAMBURCY',1,81.9,4.9,7.6,4.5,0,0,0,0,0,79,241,18,175,125,0.1,0,185),('CURRY EN POLVO (ESPECIAS)',1,10,15,60,15,0,0,0,0,0,50,1550,250,500,350,29.5,0,186),('DALKY CHOCOLATE',1,71.5,2.3,18.4,6.7,0,0,0,0,0.4,42,131,8,82,69,0,0,187),('DALKY FRESA',1,72.1,2.5,18.2,6.5,0,0,0,0,0.1,39,108,9,78,59,0.1,0,188),('DÁTILES',0.87,20.2,1.9,66.3,0.5,0,0,0,0,9.2,35,650,50,63,57,1.9,0,189),('DENTÓN, CARAPELO',0.6,70.5,22.4,0,5.1,1.6,1.6,1.5,60,0,123,239,24,184,236,1.7,0,190),('DORADA',0.6,70.1,22,0,5.9,1.7,2.1,1.6,60,0,123,239,24,184,236,1.7,0,191),('ENDIVIA/ACHICORIA',0.89,94.4,1.3,2.3,0.2,0,0,0.1,0,1.3,4,192,13,26,26,0.74,0,192),('ESCAROLA',0.77,94.3,1.8,0.3,0.2,0.1,0,0.1,0,1.5,53,346,10,54,54,1.4,0,193),('ESPÁRRAGOS',0.74,93.6,1.9,2.2,0.1,0,0,0.1,0,1.5,4,207,20,21,46,1,0,194),('ESPÁRRAGOS DE LATA',1,93.5,1.9,1,0.3,0,0,0.1,0,1.3,355,104,6,17,38,0.9,0,195),('ESPINACA',0.85,91.6,2.5,0.6,0.3,0,0,0.2,0,1.8,65,633,58,126,55,4.1,0,196),('ESTORNINO',0.6,72.4,21.8,0,3.9,1.4,1.1,1,79,0,64,360,37,65,239,1,0,197),('EXTRACTO DE CARNE \"BOVRIL\"',1,38.7,38,2.9,0.7,0,0,0,0,0,4800,1200,61,40,590,14,0,198),('FAISAN',0.86,68.9,23.8,0,6.6,1.8,3.3,1.5,0,0,40,243,20,11,251,0.4,0,199),('FARINATO',0.98,12,5,25.9,47.7,11.4,28.8,5.1,14,1.4,219,86,14,26,61,0.6,0,200),('FÉCULA DE PATATA',1,15.5,0.6,83.1,0.1,0,0,0,0,0,8,15,6,30,7,1.8,0,201),('FRAMBUESAS',1,84.5,1.3,6.9,0.3,0,0,0,0,4.7,2,170,30,40,44,1,0,202),('FRESÓN/FRESA',0.97,89.5,0.8,6.5,0.4,0,0.1,0.2,0,2,3,147,15,26,29,0.96,0,203),('FRUCTOSA',0,0,0,0,0,0,0,0,0,0,0,0,0,0,0,0,20,204),('FRUTOS SECOS PROMEDIO',1,3.3,15.9,16.9,51.4,5,27.6,15.2,0,7.6,11,697,149,156,366,3.14,0,205),('GALLO',0.69,77.7,16,0,1,0,0,0,50,0,150,250,29,120,260,0.9,0,206),('GALLO/TAPACULOS',0.69,76.8,20.2,0,1,0.3,0.2,0.4,50,0,150,250,29,120,260,0.9,0,207),('GAMBA BLANCA',0.6,71.8,24.5,0.9,0.8,0.2,0.2,0.3,152,0,190,330,34,79,205,1,0,208),('GAMBA/CARABINERO/LANGOSTINO',0.6,75.9,20.3,0.9,1.7,0.3,0.3,0.8,152,0,3840,400,110,320,205,2.41,0,209),('GANSO ASADO',1,46.7,29.3,0,22.4,0,0,0,160,0,150,410,31,10,270,4.6,0,210),('GARBANZOS',1,11,19.8,48.6,3.4,0.3,0.8,1.5,0,10.7,27,580,108,110,428,7.2,36,211),('GINGER-ALE',1,91.2,0,8.7,0,0,0,0,0,0,7,1,1,3,0,0.18,0,212),('GLUCOSA',0,0,0,0,0,0,0,0,0,0,0,0,0,0,0,0,100,213),('GRASA DE CERDO IBÉRICO',1,0,0,0,100,27.6,62,9.5,87,0,1,1,1,0,2,0,0,214),('GRASA DE GANSO',1,0,0,0,99.5,26.7,57.4,10.9,98,0,0,0,0,0,0,0,0,215),('GRASA DE MANTEQUILLA',1,0.3,0.3,0,99.5,70.4,27.4,5.6,240,0,0,0,0,0,0,0,0,216),('GRASA DE OVEJA',1,14.7,3.9,0,81.3,42.8,32.3,3.3,98,0,2,4,0,0,0,0,0,217),('GRASA DE POLLO',1,0,0,0,99.5,25.5,47.3,21.7,98,0,0,0,0,0,0,0,0,218),('GRASA DE VACA',1,2,0.8,0,96.5,46.4,41.5,5.2,100,0,11,6,3,0,7,0.32,0,219),('GRELOS',0.83,91.1,1.5,5.7,0.3,0.1,0,0.1,0,0.8,40,296,31,190,42,1.1,0,220),('GRUPO BRASICA PROMEDIO',1,86.6,2.2,3.5,0.3,0,0,0.1,0,2.4,9,274,18,42,42,0.68,0,221),('GUINDAS EN ALMÍBAR',1,72.7,0.6,26.2,0.2,0,0,0.1,0,0.3,3,142,8,9,17,0.35,0,222),('GUISANTES CONGELADOS',1,79.9,5.2,13.7,0.4,0.1,0,0.2,0,2.1,112,149,25,22,80,1.53,0,223),('GUISANTES DE LATA ESCURRIDOS',1,78,5.2,11.9,0.4,0.1,0,0.2,0,6.3,211,135,27,29,83,1.72,0,224),('GUISANTES NATURALES',0.4,77.3,6.6,12.6,0.5,0.1,0,0.3,0,4.3,2,304,33,24,108,1.84,51,225),('GUISANTES SECOS',1,11,22.9,56.7,1.4,0.3,0.1,0.8,0,16.6,26,930,116,51,378,5,0,226),('HABAS CRUDAS',0.97,81,5.6,11.7,0.6,0.1,0,0.3,0,2.2,50,250,38,22,95,1.9,0,227),('HARINA DE MAIZ (MAICENA)',1,12,8.3,75.7,2.8,0.4,0.9,1.4,0,0,52,120,47,18,250,2.4,0,228),('HARINA DE SOJA',1,9.1,37.3,3.1,20.6,3.2,3.4,12.1,0,10.9,4,1870,247,195,553,12.1,0,229),('HARINA REPOSTERÍA 75%',1,14.7,12.7,67.6,1.3,0.2,0.2,0.8,0,3.6,3,170,20,20,161,1.7,0,230),('HELADO BLOQUE CROCANTI-CAMY',1,53.4,4.8,27.2,13.2,0,0,0,0,0.4,49,198,12,130,140,0.6,0,231),('HELADO BLOQUE NATA/CHOCOLATE 1L CAMY',1,65.7,3.6,23.6,5.5,0,0,0,0,0.6,60,202,21,133,111,0.2,0,232),('HELADO BLOQUE NATA/FRESA 1L CAMY',1,66.8,3.3,23.8,5.3,0,0,0,0,0,54,155,11,131,98,0.1,0,233),('HELADO BLOQUE TRES GUSTOS 1L CAMY',1,66.4,3.5,23.4,5.4,0,0,0,0,0.4,58,185,17,132,107,0.2,0,234),('HELADO BLOQUE Y GRANEL NATA 1-6L CAMY',1,67.6,3.3,23,5.3,0,0,0,0,0,53,150,11,130,97,0.1,0,235),('HELADO CORNETE CAMYCHOC CAMY',1,49.9,3.6,33.1,11.1,0,0,0,0,1.3,85,201,29,101,105,0.5,0,236),('HELADO CORNETE MOKA CAMY',1,52.8,3.9,31.9,9.7,0,0,0,0,0.7,92,178,20,112,104,0.4,0,237),('HELADO CORNETE NATA/FRESA CAMY',1,53.4,3.5,33.9,8.1,0,0,0,0,0.3,86,140,14,102,89,0.4,0,238),('HELADO CORNETE VAINILLA CAMY',1,52.9,3.9,30.6,11.2,0,0,0,0,0.5,89,158,17,111,102,0.4,0,239),('HELADO TARTA WHISKY 8R CAMY',1,53.2,3.5,35.4,7,0,0,0,0,0.1,44,123,8,93,93,0.4,0,240),('HELADO TARTITA JIJONA/CROCANTI',1,54.3,4.4,27.7,12,0,0,0,0,0.7,46,199,19,131,124,0.5,0,241),('HÍGADO DE CERDO',0.93,71.8,20.1,0.5,5.7,2.1,1.3,2.3,340,0,77,350,21,10,362,22.1,0,242),('HÍGADO DE CORDERO',0.94,70.4,21.2,0,4,1.7,1.3,0.1,300,0,95,282,0,4,364,12.4,0,243),('HÍGADO DE TERNERA',1,71.2,19.2,0,4.1,1.9,1.7,0.2,360,0,87,316,19,9,306,7.9,0,244),('HÍGADO VARIOS ANIMALES PROMEDIO',1,70.1,20.2,0.2,4.6,1.9,1.4,0.9,333,0,86,316,13,8,344,14.13,0,245),('HÍGADOS DE POLLO',1,70.3,22.1,0,4.7,1.3,2.4,1.1,555,0,68,218,13,18,240,7.4,0,246),('HIGOS FRESCOS',1,80.2,1.3,12.9,0.5,0,0,0,0,2,2,240,20,54,32,0.6,0,247),('HIGOS SECOS',0.99,24.6,3.5,54,1.3,0,0,0,0,9.6,40,850,70,193,108,3.3,0,248),('HINOJO HOJAS',0.93,86,2.4,2.8,0.3,0,0,0,0,3.3,86,494,49,109,51,2.7,0,249),('HOJALDRE CON GRASA DE VACA',1,7.3,5.8,47.4,40.5,19.3,17.2,2.5,60,2,470,88,15,90,68,1.5,0,250),('HOJALDRE CON MARGARINA',1,7.3,5.8,47.4,40.5,11.4,14.6,13.1,60,2,470,88,15,90,68,1.5,0,251),('HUEVO CLARA',1,87.3,11.1,0.7,0.2,0,0,0,0,0,170,154,12,11,21,0.2,0,252),('HUEVO COCIDO',0.88,74.8,12.3,0,10.9,3.1,4.7,1.6,385,0,140,140,12,52,220,2.1,0,253),('HUEVO ENTERO',0.88,74.1,12.9,0.7,11.2,3.1,4.7,1.4,385,0,144,147,12,56,216,2.1,0,254),('HUEVO FRITO',1,63.3,14.1,0,19.5,4.4,10.6,2.4,435,0,220,180,14,64,260,2.5,0,255),('HUEVO TORTILLA',1,68.8,10.6,0,16.4,3.5,9.2,2,355,0,1030,120,18,47,190,1.7,0,256),('HUEVO YEMA',1,50,16.1,0.3,31.9,8.8,13.2,4,1260,0,51,138,16,140,590,7.2,0,257),('HURTA',0.6,77.3,19.9,0,0.8,0.2,0.2,0.3,60,0,123,239,24,184,236,1.7,0,258),('JABALÍ',1,74.7,19.5,0,3.4,1.3,1.6,0.4,60,0,50,371,24,5,150,0.89,0,259),('JAMÓN COCIDO EXTRA OSCAR-MAYER',1,68,18.6,1.8,3.6,0,0,0,0,0,0,0,0,0,0,0,0,260),('JAMÓN CURADO LONCHA SÓLO CARNE',1,55.9,27.8,0.3,8.3,2.8,3.8,1.1,0,0,0,0,0,0,0,1.31,0,261),('JAMÓN DE PARÍS \"FLEURY MICHON\"',1,66.5,21,0.5,4,0,0,0,0,0,0,0,0,0,0,0,0,262),('JAMÓN PATA NEGRA',0.98,43,31.8,0,25.6,9.5,11.5,3.3,108,0,2050,331,22,29,94,1.92,0,263),('JAMÓN SERRANO',0.87,43.3,18,0,33.3,12.4,15,3.8,73,0,1400,248,20,10,207,2.25,0,264),('JAMÓN YORK',0.97,62,21.4,0,12.8,4.8,5.8,1.2,85,0,960,270,24,15,136,2.3,0,265),('JUDÍA CARILLA',1,11.2,23.5,41.7,1.4,0.7,0.1,0.7,0,4.6,6,688,162,101,400,6.4,0,266),('JUDÍA DE LIMA',1,11.5,20.6,45,1.4,0.5,0.1,0.8,0,6.3,21,1750,201,91,348,6,0,267),('JUDÍAS BLANCAS',1,11.6,21.3,47.8,1.6,0.4,0.1,0.7,0,17,2,1310,132,106,429,6.1,0,268),('JUDÍAS DE GRANO VERDE O ROJO',1,10,24,46.5,1.1,0.3,0.2,0.4,0,19.5,6,1220,170,122,378,6.9,0,269),('JUDÍAS VERDES',0.94,90.3,2.4,5.3,0.2,0.1,0,0.1,0,1.9,2,248,25,57,38,0.83,29,270),('JUDÍAS VERDES EN LATA',1,92.8,1.2,3.9,0.1,0,0,0,0,1.9,275,148,20,34,24,1.3,0,271),('JUREL',0.6,74.4,21.9,0,1.7,0.5,0.4,0.6,79,0,64,360,37,65,239,1,0,272),('KAKI',0.87,81,0.6,16,0.3,0.1,0.1,0.1,0,0,4,170,8,8,25,0.37,0,273),('KIWI',0.87,83.8,1,10.8,0.6,0,0,0,0,3.9,4,295,24,38,31,0.8,52,274),('LANGOSTA',0.53,79.1,17.2,1.3,1.1,0.1,0.1,0.8,140,0,182,500,34,68,215,1.3,0,275),('LANGOSTINO',0.6,76,24.3,0.9,0.8,0.2,0.2,0.3,152,0,190,330,34,79,205,1,0,276),('LECHE CON GRASA VEGETAL',1,89.7,3,4.4,3.2,0.5,2.1,0.5,4,0,70,150,14,125,95,100,0,277),('LECHE CONDENSADA DULCE',1,26.1,8.2,51.9,8.8,5.8,2.6,0.2,29,0,88,360,27,238,236,0.25,0,278),('LECHE DE CABRA',1,86.6,3.7,4.3,3.9,3.4,0.8,0.1,11,0,42,181,14,127,109,0.05,0,279),('LECHE DE OVEJA',1,82.7,5.3,4.7,6.3,4.6,1.5,0.3,12,0,30,182,12,183,115,0.1,0,280),('LECHE DE SOJA, MARCA: VIVE SOY',1,0,3.1,4.1,1.7,0.26,0.4,1.04,0,0.5,600,0,0,120,0,0,0,281),('LECHE DE VACA 0,07% MG',1,90.9,3.5,4.8,0.1,0.1,0,0,3,0,53,150,14,123,97,0.12,34,282),('LECHE DE VACA 1,65% MG',1,89.6,3.4,4.8,1.6,1.1,0.4,0.1,5,0,47,155,12,118,91,0.05,0,283),('LECHE DE VACA 3,2% MG',1,87.7,3.3,4.8,3.2,2.1,0.9,0.1,11,0,48,157,12,120,92,0.05,0,284),('LECHE DE VACA 3,5% MG',1,87.7,3.3,4.8,3.6,2.4,1,0.1,12,0,48,157,12,120,92,0.05,32,285),('LECHE EVAPORADA IDEAL',1,72,7.4,11.3,7.5,0,0,0,2,0,95,320,25,240,180,0.1,0,286),('LECHE POLVO DESCREMADA',1,4.3,35,51.9,1,0.7,0.3,0,3,0,557,1580,110,1290,1020,0.8,0,287),('LECHE POLVO ENTERA',1,3.5,25.2,38.1,26.2,17.8,8.4,0.7,97,0,371,1160,110,920,714,0.7,0,288),('LECHE: SUERO EN POLVO',1,3.5,11.7,73.5,0.5,0.4,0.1,0,0,0,968,2288,199,2054,1348,1.24,0,289),('LECHUGA',0.68,95,1.3,1.1,0.2,0,0,0.1,0,1.5,10,224,11,37,33,1.1,0,290),('LECHUGA Y OTRAS VERDURAS PROMEDIO',1,89.1,1.9,1.7,0.2,0,0,0.1,0,2.1,14,284,14,39,45,0.98,0,291),('LENGUA DE VACA/BUEY',0.9,66.8,16,0,15.9,7.6,6.8,0.9,108,0,100,255,10,10,229,3,0,292),('LENGUADO',0.71,80,17.5,0,1.4,0.4,0.4,0.4,50,0,100,309,49,27,195,0.8,0,293),('LENTEJAS',1,11.8,23.5,52,1.4,0.2,0.2,0.7,0,10.6,4,810,77,74,412,6.9,29,294),('LENTEJAS COCIDAS',1,76.6,7.4,13.4,0.4,0.1,0.1,0.2,0,3.3,1,255,36,23,130,2.1,0,295),('LEVADURA',1,73,16.7,0,1.2,0,0,0,0,0,34,649,28,28,605,4.9,0,296),('LEVADURA ROYAL',1,6.3,5.2,37.8,0,0,0,0,0,0,11800,49,9,1130,8430,0,0,297),('LIEBRE',0.8,73.3,21.6,0,3,1.2,0.6,1,80,0,50,400,25,9,220,2.4,0,298),('LIMÓN',0.64,90.2,0.7,8.1,0.6,0,0,0,0,5.2,3,149,28,11,16,0.45,0,299),('LOMBARDA',0.78,91.8,1.5,3.5,0.2,0,0,0.1,0,2.5,4,266,18,35,30,0.5,0,300),('LOMO EMBUCHADO',0.99,46.9,26.9,0,24,8.9,10.8,3.1,92,0,905,20,20,11,69,1.25,0,301),('LUBINA',0.66,76.4,19.8,0,1.8,0.5,0.4,0.6,68,0,70,356,30,80,200,1.49,0,302),('MAIZ TIERNO',1,74.7,3.3,15.8,1.2,0.2,0.3,0.7,0,1.5,0,300,48,6,114,0.55,80,303),('MANDARINA',0.65,86.7,0.7,10.1,0.3,0,0,0,0,0.3,1,210,11,33,20,0.3,0,304),('MANGO',0.69,81.7,0.5,17,0.3,0.1,0.1,0.1,0,1.7,2,156,9,10,11,0.13,55,305),('MANTECA DE CACAO',1,0,0,0,99.5,60.3,33.1,1.7,3,0,0,0,0,0,0,0,0,306),('MANTECA DE CERDO',1,0.2,0.1,0,99.7,37.5,45.9,13,86,0,1,1,1,0,2,0,0,307),('MANTEQUILLA',1,15.3,0.7,0,83.2,55.1,21.9,3,240,0,5,16,3,13,21,0.12,0,308),('MANZANA',0.92,85.3,0.3,12.4,0.4,0.2,0,0.2,0,2.3,3,144,6,7,12,0.05,39,309),('MARGARINA BAJA EN CALORÍAS',1,57.9,1.6,0.4,40,10.9,10.1,17.5,4,0,390,7,1,12,8,0.03,0,310),('MARGARINA DE MAIZ',1,15.7,0.9,0.9,80.5,13.2,45.8,17.9,0,0,943,42,3,30,23,0,0,311),('MARGARINA DE SOJA',1,15.7,0.9,0.9,80.5,16.7,39.3,20.9,0,0,943,42,3,30,23,0,0,312),('MARGARINA VEGETAL',1,19.1,0.2,0.4,80,22.6,29,25.5,7,0,101,5,1,4,12,3,0,313),('MASA QUEBRADA CON GRASA DE VACA',1,6.9,6.9,55.8,32.2,15.2,13.6,2,12,2.4,480,99,17,110,79,1.8,0,314),('MASA QUEBRADA CON MARGARINA',1,6.9,6.9,55.8,32.2,9,11.5,10.5,12,2.4,480,99,17,110,79,1.8,0,315),('MEJILLONES',0.2,83.2,9.8,0,1.3,0.6,0.2,0.5,126,0,296,277,36,27,246,5.12,0,316),('MELOCOTÓN',0.92,87.5,0.8,9.4,0.1,0,0,0,0,1.7,1,205,9,8,23,0.48,26,317),('MELOCOTÓN EN ALMÍBAR',1,81.7,0.4,16.5,0.1,0,0,0,0,1.1,3,130,5,4,13,0.3,0,318),('MELÓN',0.8,87,0.9,12.4,0.1,0,0,0,0,1,20,330,10,6,21,0.2,0,319),('MEMBRILLO',0.84,83.1,0.4,8.3,0.5,0,0,0,0,6.4,2,201,8,10,21,0.6,0,320),('MENUDILLOS DE POLLO CRUDOS',1,74.9,17.9,1.8,4.5,1.2,1.1,1.4,262,0,77,228,18,10,197,5.86,0,321),('MENUDILLOS DE POLLO FRITOS',1,47.9,32.5,4.4,13.5,0,0,0,446,0,113,330,25,18,286,10.32,0,322),('MERLUZA PESCADILLA',0.7,80.8,17.2,0,0.9,0.2,0.2,0.3,67,0,101,294,21,41,142,0.34,0,323),('MERMELADA ALBARICOQUE',1,39.8,0.5,50.5,0.1,0,0,0,0,1.1,1,153,5,9,12,0.49,0,324),('MERMELADA DE MELOCOTÓN',1,40.6,0.4,50,0.1,0,0,0,0,0.9,1,114,5,5,13,0.39,0,325),('MERO',0.85,79.2,19.4,0,3.5,0.2,0.2,0.4,34,0,37,369,26,21,186,0.89,0,326),('MIEL DE ABEJAS',1,18.6,0.4,75.1,0,0,0,0,0,0,7,47,6,5,18,1.3,87,327),('MOLLEJAS DE POLLO',1,76.2,18.2,0.6,4.2,1,1.1,1.5,130,0,76,236,16,8,135,3.51,0,328),('MOLLEJAS DE POLLO COCIDAS',1,67.3,27.2,1.1,3.7,0,0,0,194,0,67,179,20,10,155,4.15,0,329),('MORAS',1,84.7,1.2,7.2,1,0,0,0,0,3.2,3,189,30,44,30,0.9,0,330),('MORCILLA ASTURIANA (38,5% HUMEDAD)',0.98,38.5,4.3,4.9,42.5,16,19.5,5.5,31,1.8,776,206,20,35,53,1.93,0,331),('MORCILLA DE ARROZ (38,4% HUMEDAD)',0.98,38.4,4,11.5,36.5,13.7,16.8,4.7,36,1.7,730,171,24,31,44,1.99,0,332),('MORCILLA DE ARROZ (49,2% HUMEDAD)',0.98,49.2,3.2,9.2,29.2,11,13.4,3.8,29,1.9,569,135,19,25,35,1.57,0,333),('MORCILLA DE CEBOLLA (20% HUMEDAD)',0.98,18.5,8.7,16.6,41.4,15.5,19,5.4,45,6.8,1940,576,57,109,212,5.19,0,334),('MORCILLA DE CEBOLLA (38% HUMEDAD)',0.98,38.1,6.4,12.2,30.4,11.4,13.9,4,33,5,1415,421,41,80,89,3.79,0,335),('MORCILLA DE CEBOLLA (50% HUMEDAD)',0.98,50.1,5,9.4,23.7,8.9,10.9,3.1,26,3.9,1092,327,32,62,69,2.94,0,336),('MORCILLA DE CEBOLLA CÓRDOBA',0.98,46,11.3,12.5,32.1,9.7,14.4,4.2,119,0,781,200,15,43,66,14.51,0,337),('MORCILLA DEL AÑO CÓRDOBA',0.98,30.9,7.8,17.9,44.4,16.5,19.9,5.8,98,0,993,305,24,33,32,6.26,0,338),('MORCILLA LUSTRE CÓRDOBA',0.98,34,12.8,11.9,46.8,17.4,21,6.1,162,0,717,230,17,36,31,18.07,0,339),('MORCÓN',0.98,41.7,25,0,33.2,12.3,14.9,4.3,93,0,857,330,18,16,72,1.63,0,340),('MORTADELA (38,5% HUMEDAD)',0.98,52.3,12.4,0,32.8,12.2,14.7,4.3,56,0,668,207,11,42,143,1.1,0,341),('MORTADELA USDA',1,52.3,16.4,3.1,25.4,9.5,11.4,3.1,56,0,1246,163,11,18,97,1.4,0,342),('MOSTAZA (ESPECIAS)',1,6.9,24.9,34.9,28.8,1,19.3,5.3,0,6.6,5,682,298,521,841,9.98,0,343),('MUESLI SUIZO \"ALPEN\"',1,7.2,9.8,65.6,5,0,0,0,0,8.4,380,440,85,110,280,5.8,68,344),('MUFFINS',1,38,7.8,42.3,10.1,4.8,4.3,1,0,0.1,441,125,28,104,151,1.6,0,345),('NABO GALLEGO (REDONDO)',0.69,90.5,1,4.7,0.2,0,0,0.1,0,2.5,58,238,7,49,31,0.44,0,346),('NABO VULGAR (ALARGADO)',0.83,89.3,1.2,0.9,0.2,0,0,0.1,0,0.7,10,227,11,48,31,0.45,0,347),('NARANJA',0.72,85.7,1,9.2,0.2,0,0.1,0.1,0,2.2,1,177,14,42,23,0.4,40,348),('NATA PARA MONTAR',1,62,2.4,3.4,31.7,20.5,9.3,1,109,0,34,112,10,80,63,0.03,0,349),('NATILLAS CHAMBURCY',1,74.7,2.6,19,2.9,0,0,0,0,0,40,112,9,99,77,0,0,350),('NECTARINA',0.92,81,0.8,14.8,0,0,0,0,0,1.4,7,282,13,4,24,0.5,0,351),('NISCALO',0.61,89.8,1.9,0.1,0.7,0,0,0,0,6.9,6,310,8,6,74,1.3,0,352),('NÍSPERO',0.75,75.8,0.8,22.3,0.8,0,0,0,0,0,6,258,10,22,24,0.35,0,353),('NUECES',1,4.4,14.4,12.1,62.5,7.2,9.8,40.9,0,4.6,2,544,129,87,409,2.5,0,354),('NUEZ MOSCADA (ESPECIAS)',1,5,5,55,40,25.6,3,0.4,0,0,16,400,200,200,250,3.5,0,355),('ORÉGANO (ESPECIAS)',1,5,10,50,10,2.6,0.7,5.2,0,0,15,1250,200,1200,150,33,0,356),('OREJA DE CERDO',0.95,61.3,22.5,0,15.1,5.5,7.1,1.8,82,0,191,55,7,21,41,2.4,0,357),('OSTRAS',0.1,83,9,4.8,1.2,0.5,0.2,0.2,126,0,289,184,42,82,157,5.8,0,358),('PALOMA COCINADA',0.55,72,27.8,0,13.2,0,0,0,90,0,110,410,34,16,400,19.4,0,359),('PALOMA CRUDA',0.77,56.6,18.5,0,23.8,75,9.7,3.1,0,0,110,410,34,16,400,19.4,0,360),('PAN BIMBO EN REBANADAS SANDWICH',1,64.5,2.7,16.2,1.7,0.5,0.4,0.7,1,6,0,0,0,0,0,1.36,0,361),('PAN BLANCO',1,38.3,7.6,47.8,1.2,0.2,0.2,0.8,0,3.5,540,132,24,58,87,0.95,69,362),('PAN DE MOLDE',1,35.1,6.9,48.1,4.4,1.9,1.7,0.8,4,3.6,551,160,0,0,92,0.96,0,363),('PAN INTEGRAL DE CENTENO',1,42,6.8,40.8,1.2,0.2,0.2,0.8,0,7.7,527,291,48,43,198,3.3,42,364),('PAN INTEGRAL DE TRIGO',1,41.7,7,41.4,0.9,0.2,0.1,0.6,0,7.5,380,270,92,63,196,2,0,365),('PAN TOSTADO',1,23.2,10.1,59.2,2.5,0,0,0,0,4.5,650,100,28,85,100,2.2,0,366),('PASTA COCIDA',1,76.8,4,18.2,2.9,0.6,0.5,1.6,0,1.5,1,53,18,9,62,0.8,0,367),('PASTA: MACARRONES/SPAGHETTIS',1,10.7,12.3,69.9,2.8,0.5,0.4,1.8,94,3.4,17,164,67,27,191,1.6,50,368),('PATATAS',0.8,77.8,2,15.4,0.1,0,0,0.1,0,2.5,3,443,25,10,50,0.8,0,369),('PATATAS ASADAS',0.87,73.2,2.5,18.9,0.1,0,0,0,0,3.1,10,547,27,12,61,0.93,0,370),('PATATAS COCIDAS',0.87,77.8,2,15.4,0.1,0,0,0,0,2.5,8,407,22,10,50,0.8,70,371),('PATATAS FRITAS BASTONCITOS',1,54.4,3.6,30.3,9.6,1.3,7,0.9,0,3,24,660,31,11,62,0.85,51,372),('PATATAS FRITAS EN RODAJAS',1,2.3,5.5,40.6,39.4,4.4,8.8,23.9,0,0,450,1000,64,52,147,2.3,51,373),('PATATAS FRITAS MATUTANO CHIPS',1,52.3,2.3,25.2,11,1.2,2.5,6.7,0,3,71,509,25,11,55,0.9,51,374),('PATÉ DE FOIEGRAS',1,53.9,14.2,0,28.6,10.6,12.8,3.7,150,0,738,173,15,10,191,6.4,0,375),('PATÉ DE HÍGADO DE POLLO',1,58.9,13.5,6.6,13.1,4.5,6.3,1.9,337,0,786,137,8,10,147,9.19,0,376),('PATÉ DE HÍGADO NO ESPECIFICADO',1,53.9,14.2,1.8,28,10.2,12.3,4.4,243,0,697,138,13,70,200,5.5,0,377),('PATO CARNE MAGRA',0.72,75,19.7,0,4.8,2,1.5,0.8,110,0,110,290,19,12,200,2.4,0,378),('PATO PROMEDIO',0.8,63.7,18.1,0,17.2,4.6,9.9,1.9,110,0,140,292,17,11,187,2.1,0,379),('PATO SALVAJE',0.62,66.5,17.4,0,15.2,4.9,6.8,2,80,0,56,249,20,5,168,4.16,0,380),('PAVO PROMEDIO',0.73,69.7,22.4,0,6.8,1.7,2.4,1.8,65,0,66,315,28,26,238,1.5,0,381),('PEPINILLOS EN VINAGRE',1,65.3,0.4,31.8,0.3,0.1,0,0.1,0,0.6,939,32,4,4,12,0.59,0,382),('PEPINILLOS VINAGRE (AGRIOS)',1,94.1,0.3,2.3,0.2,0.1,0,0.1,0,0.6,1208,23,4,0,14,0.4,0,383),('PEPINO',0.74,96.8,0.6,2.1,0.2,0.1,0,0.1,0,0.9,9,141,8,15,23,0.5,0,384),('PERAS',0.93,84.3,0.5,12.7,0.3,0.1,0,0.1,0,2.8,2,126,8,10,15,0.26,34,385),('PERAS EN LATA',1,80.7,0.3,18.7,0.1,0,0,0,0,0.9,6,66,4,7,8,0.4,0,386),('PERDIZ ASADA',0.61,54.5,36.7,0,7.2,0,0,0,120,0,100,410,36,46,310,7.7,0,387),('PEREJIL',0.6,81.9,4.4,1.3,0.4,0,0,0.2,0,4.3,33,1000,41,245,128,5.5,0,388),('PESCADO BLANCO PROMEDIO',0.8,77.2,16.9,0,0.8,0.1,0.2,0.2,60,0,108,291,24,54,174,0.49,0,389),('PESCADO GRASO PROMEDIO',0.8,65.7,19.9,0,9.4,2.3,3.3,3.6,62,0,108,368,27,41,262,1.58,0,390),('PESCADO SEMIGRASO PROMEDIO',0.8,72.4,19.8,0,2.9,0.8,0.8,0.8,77,0,78,349,35,57,241,2.69,0,391),('PETIT SUISSE 40% MG',1,76.1,9.6,3,10.1,6.8,2.8,0.3,20,0,32,115,10,111,90,0.3,0,392),('PETIT SUISSE 60% MG',1,68.5,8.3,3,18.5,12.3,4.9,0.6,50,0,30,110,10,94,60,0.3,0,393),('PETIT SUISSE CON FRUTAS',1,64,6,20,8.5,5.7,2.3,0.3,20,0,30,100,40,100,60,0.3,0,394),('PEZ ESPADA',0.95,74.5,19.4,0,4.4,0.6,1.9,1.2,39,0,102,342,27,10,506,0.81,0,395),('PIES DE CERDO',0.42,58.3,22.1,0,18.8,6.5,8.8,2.2,106,0,62,274,7,59,55,0.99,0,396),('PIJOTA',0.7,73.6,23.2,0,1.3,0.3,0.3,0.4,67,0,101,294,21,41,142,0.34,0,397),('PIMENTÓN (ESPECIAS)',1,9.5,14.8,55.7,13,2,1.2,8.3,0,20.9,34,2344,185,177,345,23.59,0,398),('PIMIENTA BLANCA (ESPECIAS)',1,11.4,10.4,68.6,2.1,0,0,0,0,4.3,5,73,90,265,176,14.31,0,399),('PIMIENTA NEGRA (ESPECIAS)',1,10,10,70,5,1.3,1.4,1.5,0,10,50,1300,200,450,200,30.5,0,400),('PIMIENTO ROJO',0.82,92.2,0.9,6.4,0.2,0,0,0.1,0,0.4,2,177,10,9,19,0.46,0,401),('PIMIENTO ROJO EN LATA',1,91.3,0.8,3.9,0.3,0.1,0,0.2,0,0.8,1369,146,11,41,20,0.8,0,402),('PIMIENTO VERDE',0.77,91,1.2,3.2,0.3,0.1,0,0.2,0,2,2,212,12,11,29,0.75,0,403),('PIÑA TROPICAL FRESCA',0.54,85.3,0.5,13.1,0.2,0,0,0,0,1.4,2,173,17,16,9,0.4,66,404),('PIÑA TROPICAL LATA',1,75.8,0.4,20.2,0.2,0,0,0,0,0.9,1,75,8,13,7,0.3,0,405),('PIÑONES',1,3.1,13,20.5,60.5,6.4,22.9,25.7,0,1.1,72,628,268,12,604,5.2,0,406),('PIPAS DE GIRASOL TOSTADAS Y SALADAS',0.7,7.3,27,20,43,4.8,9.7,26.1,1,2.7,780,850,129,70,1155,3.8,0,407),('PISTACHO',0.53,5.9,17.6,15.7,51.6,7.4,34.9,6.8,0,6.5,0,1020,158,136,500,7.3,0,408),('PLÁTANO',0.77,73.9,1.2,21.4,0.2,0.1,0,0.1,0,2,1,393,36,9,28,0.55,62,409),('PLATIJA',0.55,81.4,16.5,0,0.7,0.2,0.3,0.2,48,0,92,332,24,27,200,0.54,0,410),('POLLO MUSLO',0.75,74.7,20.6,0,2.4,0.7,0.6,0.8,74,0,95,250,15,15,188,1.8,0,411),('POLLO PECHUGA',0.72,75,22.8,0,1,0.3,0.2,0.4,60,0,66,264,15,14,212,1.1,0,412),('POLLO PROMEDIO',0.74,72.7,20.6,0,5.6,0.9,1.1,1.8,81,0,83,359,37,12,200,1.8,0,413),('POMELO',0.64,89,0.6,9,0.2,0,0,0.1,0,0.6,2,180,10,18,17,0.34,26,414),('POTAJE DE JUDÍAS MAGGI',1,4.9,20.8,55.8,5.6,0,0,0,0,3.9,1794,1533,33,125,378,44.4,0,415),('POTAJE DE LENTEJAS MAGGI',1,4.7,20.9,50.8,5.9,0,0,0,0,10.4,2247,778,80,62,236,6,0,416),('PUERRO',0.58,89,2.2,3.2,0.3,0.1,0,0.2,0,2.3,5,225,18,87,46,1,0,417),('PULPO',0.9,82.2,15.3,0,0.8,0.2,0.2,0.3,170,0,44,246,33,32,221,5.3,0,418),('PURÉ DE PATATAS CON LECHE MAGGI',1,8.1,8.9,76.9,1.4,0,0,0,0,1.5,156,1567,8,105,224,1.6,0,419),('PURÉ DE PATATAS MAGGI',1,8,6.9,79.8,0.7,0,0,0,0,1.6,124,1585,0,35,184,1.7,80,420),('QUESO AZUL',1,44,20.6,2,31.3,25,7.4,1.4,88,0,1375,60,19,368,292,0.66,0,421),('QUESO AZUL PROMEDIO',1,40.8,20.9,1.8,31.5,24.2,8,1.4,86,0,1357,70,20,395,319,0.62,0,422),('QUESO BRIE 50% MG',1,45.5,22.6,1,27.9,18.5,7.6,0.8,100,0,1170,152,27,400,188,0.5,0,423),('QUESO CAMMEMBERT 45% MG',1,52,21,0.2,22.3,14,6.1,0.7,62,0,970,110,17,570,350,0.15,0,424),('QUESO CASTELLANO MANCHEGO',0.98,30.4,25.5,0.9,37.3,32,9.1,1,95,0,603,88,23,626,566,0.71,0,425),('QUESO DE BOLA (EDAM) 40% MG',0.98,43.6,23.6,2,26.3,19.9,7.2,1,92,0,649,67,19,734,467,0.74,0,426),('QUESO DE CABRA FRESCO',1,54.7,17.4,1.1,21.8,18.1,5.7,0.7,90,0,480,90,88,543,818,0.4,0,427),('QUESO DE CABRALES',1,41.8,21.5,2.1,32.6,22,10.1,1.2,84,0,1067,95,16,358,379,0.5,0,428),('QUESO EMMENTAL 45% MG',1,35.7,28.7,0.5,29.7,20.5,7.2,1.1,92,0,450,107,35,1020,636,0.31,0,429),('QUESO EN LONCHAS 40% MG',1,75,10.8,0.7,11.3,7.5,3.1,0.3,37,0,42,118,10,82,187,0.34,0,430),('QUESO EN LONCHAS FUNDIDO (GOURMET)',1,0,14.5,3.1,21,0,0,0,0,0,0,0,0,800,0,0,0,431),('QUESO FRESCO 0% MG',1,86.3,7.5,3.9,0.2,0,0,0,0,0,33,110,12,126,50,0.4,0,432),('QUESO FRESCO BURGOS',1,54,16,3.6,20.3,5.7,0.8,70,1,0,222,93,21,622,385,0.61,0,433),('QUESO FRESCO DESNATADO',1,81.3,13.5,4,0.3,0,0,0,1,0,40,95,12,92,160,0.4,0,434),('QUESO FRESCO GRASO 40% MG VACA',1,73.5,11.1,3.3,11.4,7.6,3.1,0.4,37,0,34,82,10,95,187,0.34,0,435),('QUESO FUNDIDO DESGRASADO',1,68.5,15.5,2.8,4.3,3.1,1.2,0.2,15,0,740,144,87,385,924,0.42,0,436),('QUESO FUNDIDO EXTRAGRASO',1,52.4,14.1,2.3,23.2,16.8,6.5,0.9,77,0,774,128,10,343,668,0.48,0,437),('QUESO FUNDIDO GRASO',1,54.8,15,2.3,18.8,13.7,5.2,0.7,64,0,893,128,11,398,648,0.55,0,438),('QUESO FUNDIDO SEMIGRASO',1,58.3,14.9,4.2,13.3,9.9,3.7,0.5,94,0,857,165,36,356,860,0.5,0,439),('QUESO GALLEGO',1,46.6,19.4,0,28,20.4,8,1,96,0,547,55,16,559,394,0.63,0,440),('QUESO GRUYERE',1,33.2,29.8,0.9,32.3,19.9,9.3,1.7,105,0,336,81,37,950,605,0.3,0,441),('QUESO IDIAZABAL',1,33.2,23.3,0,37.8,32.5,8.8,0.9,100,0,443,77,21,757,522,0.47,0,442),('QUESO MANCHEGO',1,37.5,23,0.9,33.6,23.4,7.8,0.9,70,0,670,80,59,685,544,0.54,0,443),('QUESO MANCHEGO EN ACEITE',1,27.7,26.5,0.5,38.8,28.8,11.8,1.1,100,0,707,82,20,579,801,0.64,0,444),('QUESO MANCHEGO MEZCLA O.V.',1,36.4,22,0.5,35.6,28.3,9.2,1,100,0,625,98,25,751,547,0.51,0,445),('QUESO PARMESANO',1,29.6,35.6,0.1,25.8,18.5,7.1,0.6,68,0,704,131,45,1290,840,1.02,0,446),('QUESO ROQUEFORT',1,39.4,21.5,0.2,30.6,23,8.2,1.3,75,0,1810,91,30,662,392,0.6,0,447),('QUESO ZAMORANO',1,32,25.3,0.9,36.3,31.3,8.5,0.8,95,0,661,98,22,615,534,0.6,0,448),('RABANILLO',0.63,94.4,1.1,2.2,0.1,0,0,0.1,0,1.5,17,255,8,34,26,1.5,0,449),('RAPE',0.73,82.4,14.9,0,0.7,0,0,0,50,0,109,235,20,41,177,0.6,0,450),('RAYA',1,79.3,20.5,0,1.3,0,0,0,0,0,90,250,27,38,155,0.75,0,451),('REMOLACHA',0.78,88.8,1.5,8.6,0.1,0,0,0.1,0,2.5,58,336,25,29,45,0.93,64,452),('REQUESON',1,74.5,9.9,2.3,7.3,5.6,2,0.3,25,0,57,111,21,591,329,0.56,0,453),('RIÑONES DE CERDO',0.87,76.3,16.5,0,5.2,2.4,1.4,1.9,365,0,173,242,18,7,260,10,0,454),('RIÑONES DE CORDERO',0.97,78.5,16.5,0,3,1.3,1,0.1,375,0,239,252,17,13,262,7.5,0,455),('RIÑONES DE VACA',0.88,75,16.7,0,6.4,2.9,3,0.1,380,0,200,290,18,10,260,11.5,0,456),('RIÑONES VARIOS ANIMALES PROMEDIO',1,73.9,16.5,0,4.6,2.1,1.6,0.8,372,0,205,256,18,10,261,9.3,0,457),('RODABALLO',0.46,80.4,16.7,0,1.7,0.4,0.4,0.4,50,0,114,290,45,17,159,0.5,0,458),('ROMERO (ESPECIAS)',1,5,5,40,10,0,0,0,0,0,50,550,150,750,50,17.5,0,459),('SAL DE MESA',1,0,0,0,0,0,0,0,0,0,38850,0,290,230,0,0.2,0,460),('SALAMI',0.95,27.7,17.8,0,49.7,18.6,22.8,6.6,0,0,1260,302,0,35,167,1.3,0,461),('SALAMI EXTRA (BOE)',0.95,26.5,14.6,7.2,43.7,15.9,20.7,5.1,66,0,1260,302,24,35,141,0.8,0,462),('SALAMI PRIMERA (BOE)',0.95,18.3,14.4,9.4,49.9,18.1,23.6,5.8,69,0,1260,302,23,35,140,0.8,0,463),('SALCHICHA BOCKWURST',1,56.1,13.3,0.5,27.6,9.9,12.8,3,54,0,700,212,15,44,149,0.93,0,464),('SALCHICHA BRATWURST',1,56.1,14.1,2.1,25.9,9.4,12.2,2.7,60,0,557,212,15,44,149,1.29,0,465),('SALCHICHA FRANKFURT LIGHT',1,69.6,15,0.4,7.1,2.7,3.2,0.8,49,0,611,261,21,6,131,1.06,0,466),('SALCHICHA FRANKFURT POLLO',1,57.5,12.9,6.8,19.5,5.5,8.3,3.9,101,0,1370,98,9,95,130,2,0,467),('SALCHICHA FRANKFURT VACA',1,54,11.3,2.4,29.4,12,14.4,1.2,52,0,1024,159,10,12,82,1.33,0,468),('SALCHICHA FRANKFURT VACA-CERDO',1,53.9,11.3,2.6,29.2,10.9,13.7,2.7,50,0,1120,167,10,11,86,1.15,0,469),('SALCHICHA KNACKWURST',1,55.5,11.9,1.8,27.8,10.3,12.8,2.9,58,0,1010,199,11,11,98,0.91,0,470),('SALCHICHA MUNICH WEISSWURST',1,59.9,11.1,0,27,9.8,12.5,3.1,47,0,620,122,12,25,100,0.77,0,471),('SALCHICHA VIENESA',1,59.9,10.3,2,25.2,9.3,12.5,1.7,52,0,953,101,7,10,49,0.88,0,472),('SALCHICHAS CAMPOLIGHT',1,72.8,10.1,0.2,8.8,3.3,4.1,1.1,37,0,447,177,14,4,88,0.72,0,473),('SALCHICHAS PROMEDIO',1,55.1,12,2.4,25.5,9.5,12,2.3,56,0,992,167,11,23,99,1.23,28,474),('SALCHICHÓN',0.99,39.5,26.7,0,30,11.1,13.5,3.9,94,0,1323,385,23,12,88,2.39,0,475),('SALCHICHÓN EXTRA',1,32.1,19.8,6.6,33.5,12.2,15.9,3.9,76,0,329,383,30,10,188,1.03,0,476),('SALCHICHÓN PRIMERA',1,29.4,17.7,8,36.9,13.4,17.4,4.3,72,0,824,344,27,10,169,0.94,0,477),('SALCHICHÓN SEGUNDA',1,26.8,17.3,9.3,38.6,14,18.3,4.5,71,0,823,336,27,10,165,0.93,0,478),('SALCHICHÓN TERCERA',1,20.6,15.5,11.2,44.7,16.2,21.1,5.2,70,0,818,303,25,10,150,0.86,0,479),('SALMÓN',0.64,65.5,19.9,0,13.6,2.9,5.5,5.5,35,0,51,371,29,13,266,1,0,480),('SALMÓN AHUMADO',1,64.9,25.4,0,4.5,0.9,2,1,46,0,1880,420,32,19,250,0.6,0,481),('SALMONETE DE ARENA',0.52,70.8,20.6,0,6.6,2,2.1,2,34,0,69,404,29,53,217,1.5,0,482),('SALMONETE DE ROCA',0.52,71.7,19.7,0,6.6,2,2.1,2,34,0,69,404,29,53,217,1.5,0,483),('SALMONETES',0.52,74.6,20.4,0,4.3,1.3,1.4,1.1,34,0,69,404,29,53,217,1.5,0,484),('SALPA, SALEMA',0.6,71.3,20.9,0,5.8,1.9,1.1,2.3,60,0,123,239,24,184,236,1.7,0,485),('SALSA DE MOSTAZA',1,80,5.5,5.4,5,0,0,0,0,13,0,200,0,0,0,1.8,0,486),('SALSA DE TOMATE FRITO MAGGI',1,80.9,1.2,11.2,3.7,0.4,0.8,2.2,0,1.1,474,349,26,28,33,0.7,0,487),('SALSA DE TOMATE FRITO RECETA SELECTA SOLIS',1,82.6,1.3,9.2,3.7,0,0,0,0,1.4,397,374,28,21,33,0.6,0,488),('SALSA DE TOMATE FRITO SOLIS',1,81.6,1.4,9.8,3.8,0,0,0,0,1.2,592,398,31,27,35,0.7,0,489),('SALSA DE TOMATE SOLIS SOFRITO',1,81.3,0.9,9.2,5.7,0.6,1.3,3.4,0,1.2,473,256,21,19,25,0.4,0,490),('SALSA MAHONESA (ACEITE GIRASOL)',1,13,1.5,0,82.5,9.1,18.5,50.1,59,0,481,18,23,18,60,0.3,0,491),('SALSA MAHONESA REDUCIDA EN CALORÍAS',1,48.9,1,11.6,38.5,4.4,8.8,23,50,0,750,10,0,0,0,0.3,0,492),('SALVAO',1,11.5,14.9,20.5,4.7,0.7,0.7,2.4,0,42.4,2,1390,590,43,1280,3.58,0,493),('SAN PEDRO',0.44,78.1,18.2,0,1.4,0.4,0.4,0.4,50,0,114,151,45,17,230,0.5,0,494),('SANDÍA',0.44,93.2,0.6,8.3,0.2,0.1,0,0.1,0,0.2,1,158,3,11,11,0.4,72,495),('SANGRE DE CERDO',1,79.2,18.5,0.1,0.1,0,0.1,0,40,0,207,185,20,5,49,6.6,0,496),('SANGRE DE VACA',1,80.5,17.8,0,0.1,0.1,0.1,0,190,0,330,44,5,6,19,49,0,497),('SARDINA ARENQUE FRESCO',0.7,65.3,18.2,0,17.8,2.7,7.7,5.8,91,0,117,360,31,34,250,1.1,0,498),('SARDINAS EN ACEITE DE SOJA',1,55.6,24.1,0,13.9,2.4,6.9,3.6,140,0,505,397,52,330,430,2.7,0,499),('SARDINAS EN SALSA DE TOMATE',1,65,17.8,0.5,11.6,3.1,5.5,2.8,1,0,700,410,51,460,400,4.6,0,500),('SARDINAS FRESCAS',0.59,73.8,19.4,0,5.2,1.3,1.3,2.5,91,0,100,360,24,85,258,2.4,0,501),('SARGO',0.6,76.5,19.7,0,1.8,0.5,0.5,0.5,60,0,123,239,24,184,236,1.7,0,502),('SÉMOLA',1,13.1,9.6,69,0.8,0,0,0,0,7.1,1,112,47,17,136,1,67,503),('SEPIA/JIBIA/CHOCO',0.79,81,16.1,0,0.9,0.1,0.1,0.1,112,0,387,273,33,27,143,0.8,0,504),('SESOS DE CORDERO',0.98,78,10.9,0,9.1,0,0,0,2200,0,140,270,15,5,305,3.8,0,505),('SOBRASADA MALLORQUINA',0.98,16.3,15.8,3.4,55.2,20.1,25.1,7.2,75,1.3,821,412,34,21,162,2.12,0,506),('SOLETILLAS',1,36.5,9.6,57.7,5.2,1.4,2.1,0.9,249,1.2,63,118,12,31,144,1.55,0,507),('SOLLA',0.56,80.7,17.1,0,0.8,0.2,0.3,0.2,63,0,104,311,22,61,198,0.9,0,508),('TAPIOCA',1,12.6,0.6,84.9,0.2,0,0,0,0,0.4,4,20,3,12,12,1,0,509),('TÉ INFUSIÓN',1,99.7,0,0.3,0,0,0,0,0,0,3,37,3,0,1,0.02,0,510),('TENCA',0.6,76.5,17.7,0,0.7,0,0,0,40,0,80,245,16,31,156,0.8,0,511),('TERNERA CHULETA MAGRA',0.88,74.5,21.1,0,3.1,1.4,1.3,0.2,70,0,93,369,16,13,195,2.1,0,512),('TERNERA FALDA MAGRA',1,72.9,21,0,4.8,2.2,2,0.4,69,0,92,326,14,13,196,2.1,0,513),('TERNERA FILETE (PIERNA MAGRA)',1,76.4,21.3,0,1.8,0.6,0.4,0.6,70,0,94,360,25,13,198,1.2,0,514),('TIMO DE VACA',1,67.8,12.2,0,20.4,9.4,8.5,1.1,223,0,96,360,0,1,393,2.1,0,515),('TOCINO ABDOMINAL (PANCETA)',0.9,8.1,2.7,0,89,33,40,11.6,62,0,17,8,2,8,25,0.07,0,516),('TOCINO DORSAL',1,7.7,2.9,0,88.7,32.2,41.9,10.5,57,0,11,65,2,2,38,0.18,0,517),('TOCINO VETADO (BACON)',0.92,20,9.1,0,65,24.1,29.2,8.5,62,0,1770,225,5,9,108,0.8,0,518),('TOMATE',1,94.2,1,3.5,0.2,0,0,0.1,0,1.8,6,297,20,14,26,0.5,38,519),('TOMATE CONCENTRADO',1,67.2,3.4,17.7,0.6,0,0,0,0,3.1,579,1046,20,27,91,1.72,0,520),('TOMATE EN LATA',1,93.9,1.2,3.6,0.2,0,0,0,0,0.9,9,230,25,9,12,0.2,0,521),('TOMATE PURE TAMIZADO SOLIS',1,91.4,1.2,4.8,0.2,0,0,0,0,1.1,203,367,26,25,32,0.6,0,522),('TOMATE ZUMO',1,94.1,0.8,3.4,0,0,0,0,0,0.2,51,236,10,15,16,0.56,0,523),('TOMILLO (ESPECIAS)',1,7.8,9.1,63.9,7.4,3.1,0.5,1.2,0,18.6,55,814,220,1890,201,123.6,0,524),('TRUCHA',0.52,76.3,19.5,0,2.7,0.7,0.7,1,56,0,40,465,27,18,242,0.69,0,525),('TRUFA',1,75.5,5.5,13,0.5,0,0,0,0,16.5,77,526,24,24,62,3.5,0,526),('TURMELINA (ESPECIAS)',1,11.4,7.8,64.9,9.9,0,0,0,0,6.7,38,2525,193,182,268,41.42,0,527),('UVAS',0.96,81.1,0.7,16.1,0.3,0.1,0,0.2,0,1.6,2,192,9,18,20,0.51,45,528),('UVAS PASAS',1,15.7,2.5,66.2,0.6,0,0,0,0,5.4,21,782,15,31,110,0.3,0,529),('VACA BUEY CARNE GRASA PROMEDIO',1,60.7,19,0,15.3,7,6.3,0.8,68,0,80,299,18,10,186,2.86,0,530),('VACA BUEY CARNE MAGRA PROMEDIO',1,69.4,20.9,0,4.7,1.7,2,0.2,69,0,65,358,22,8,204,2.28,0,531),('VACA/BUEY AGUJA',1,70.8,19.3,0,7.4,2.8,3.3,0.3,65,0,77,319,20,10,184,2.34,0,532),('VACA/BUEY BABILLA',1,72.2,21.1,0,3.8,1.3,1.6,0.2,60,0,62,364,24,4,210,2.17,0,533),('VACA/BUEY CARNE EXTRAMAGRA',1,75.1,22,1.1,1.9,0.8,0.8,0.1,65,0,61,350,22,5,180,2.1,0,534),('VACA/BUEY CHULETAS',0.8,65,18.6,0,17,7.9,7.1,0.9,65,0,86,290,17,11,167,2.8,0,535),('VACA/BUEY COLA',0.55,66.8,20.1,0,11.5,5.3,4.8,0.6,59,0,107,260,20,13,160,2.7,0,536),('VACA/BUEY CONTRA',1,70,21.9,0,5.6,1.9,2.5,0.3,59,0,59,371,25,4,214,2.38,0,537),('VACA/BUEY COSTILLAS',0.83,59.1,18.1,0,21.9,10.2,9.1,1.2,65,0,75,327,16,9,132,2.6,0,538),('VACA/BUEY FALDA',0.99,61,19.9,0,18,8.4,7.5,0.9,60,0,81,276,17,12,186,3,0,539),('VACA/BUEY LOMO ALTO GRASO',1,65,18.6,0,17,7.9,7.1,0.9,65,0,86,290,17,11,167,2.8,0,540),('VACA/BUEY LOMO BAJO GRASO',1,68.2,20.6,0,10.2,4.7,4.2,0.5,65,0,74,335,23,12,157,2.5,0,541),('VACA/BUEY LOMO MAGRO (ALTO)',1,69.1,19.8,0,8.3,3.4,3.4,0.3,59,0,65,353,21,8,191,2.14,0,542),('VACA/BUEY LOMO MAGRO (BAJO)',1,70.3,21.5,0,5.5,2.1,2.4,0.2,59,0,59,349,22,5,185,1.78,0,543),('VACA/BUEY MORCILLA',1,73,21.8,0,3.9,1.2,1.7,0.2,39,0,63,387,14,20,204,2.32,0,544),('VACA/BUEY PIERNA (PROMEDIO)',0.97,73.8,20.6,0,4.3,2,1.8,0.2,65,0,61,342,20,4,182,2.1,0,545),('VACA/BUEY REDONDO',1,71.3,21.8,0,4.3,1.5,1.8,0.2,54,0,53,383,23,4,210,1.46,0,546),('VACA/BUEY SOLOMILLO',1,68.4,20.8,0,7.9,3,3.1,0.4,62,0,54,367,24,6,211,2.78,0,547),('VACA/BUEY TAPA',1,71.2,22.8,0,3.3,1.1,1.3,0.2,57,0,52,383,25,3,219,2.09,0,548),('VERDOLAGA',1,92.5,1.5,4.3,0.3,0,0,0,0,0.9,2,390,151,95,35,3.6,0,549),('VIEIRAS',0.44,0.8,15.6,0,0.1,0,0,0,104,0,270,480,38,26,208,1.8,0,550),('VINAGRE (ESPECIAS)',1,96,0.4,0.6,0,0,0,0,0,0,20,89,22,15,32,0.5,0,551),('YOGUR DE FRUTAS DESNATADO',1,81.4,3.8,12.8,0.1,0.1,0,0,1,0,57,187,14,128,95,0.06,0,552),('YOGUR DE FRUTAS ENTERO',1,74.4,3.9,15.5,2.6,1.8,0.7,0.1,10,0,82,210,16,127,96,0,0,553),('YOGUR DESNATADO',1,89.8,4.4,4.9,0.1,0,0,0,0,0,50,180,10,140,100,0.06,0,554),('YOGUR NATURAL 3,5% MG',1,87,3.8,4.9,3.8,1.8,1,0.2,12,0,40,150,10,120,90,0.04,36,555),('ZANAHORIA',0.81,88.2,1,4.9,0.2,0,0,0.1,0,3.4,60,290,18,41,35,2.1,92,556),('ZUMO DE FRUTAS PROMEDIO',1,82.4,0.4,11.9,0.3,0,0,0,0,0.1,3,140,9,10,12,0.39,0,557),('ZUMO DE LIMÓN',1,91,0.4,7.2,0.1,0,0,0,0,0,1,138,10,11,11,0.14,0,558),('ZUMO DE MANZANA',1,88.1,0.1,11.8,0,0,0,0,0,0,2,116,4,7,7,0.26,0,559),('ZUMO DE NARANJA EN LATA',1,87.8,0.5,10.4,0.5,0,0,0,0,0.1,5,145,9,9,15,0.3,0,560),('ZUMO DE NARANJA FRESCO',1,88.1,0.7,10.7,0.2,0,0,0,0,0,1,157,12,11,15,0.2,0,561),('ZUMO DE PIÑA',1,86.1,0.4,12.1,0.1,0,0,0,0,0,1,140,12,12,10,0.7,0,562),('ZUMO DE UVA',1,81.9,0.2,17,0,0,0,0,0,0,3,148,9,13,12,0.43,0,563);
/*!40000 ALTER TABLE `alimentos` ENABLE KEYS */;
UNLOCK TABLES;

--
-- Table structure for table `alimentos_dietas`
--

DROP TABLE IF EXISTS `alimentos_dietas`;
/*!40101 SET @saved_cs_client     = @@character_set_client */;
/*!40101 SET character_set_client = utf8 */;
CREATE TABLE `alimentos_dietas` (
  `id` int(11) NOT NULL AUTO_INCREMENT,
  `alimento_id` int(11) NOT NULL,
  `dieta_id` int(11) NOT NULL,
  `porcion` float DEFAULT NULL,
  `hora` varchar(45) DEFAULT NULL,
  `dia` varchar(45) DEFAULT NULL,
  `numero_dia` int(11) DEFAULT NULL,
  PRIMARY KEY (`id`,`dieta_id`,`alimento_id`)
) ENGINE=InnoDB AUTO_INCREMENT=155 DEFAULT CHARSET=latin1;
/*!40101 SET character_set_client = @saved_cs_client */;

--
-- Dumping data for table `alimentos_dietas`
--

LOCK TABLES `alimentos_dietas` WRITE;
/*!40000 ALTER TABLE `alimentos_dietas` DISABLE KEYS */;
INSERT INTO `alimentos_dietas` VALUES (52,1,10,1,'8:00','LUNES',1),(53,2,10,30,'9:00','LUNES',1),(54,3,10,12,'10:00','LUNES',1),(55,5,10,4,'11:00','LUNES',1),(56,20,10,1,'12:00','LUNES',1),(57,48,10,1,'13:00','LUNES',1),(58,75,10,1,'14:00','LUNES',1),(59,111,10,1,'15:00','LUNES',1),(60,141,10,1,'16:00','LUNES',1),(61,174,10,1,'16:00','LUNES',1),(62,207,10,1,'16:00','LUNES',1),(63,231,10,2,'16:00','LUNES',1),(64,261,10,1,'21:00','LUNES',1),(65,278,10,1,'8:00','MARTES',2),(66,279,10,1,'8:00','MARTES',2),(67,294,10,1,'8:00','MARTES',2),(68,306,10,1,'8:00','MARTES',2),(69,322,10,1,'8:00','MARTES',2),(70,334,10,1,'8:00','MARTES',2),(71,349,10,1,'8:00','MARTES',2),(72,378,10,1,'8:00','MIERCOLES',3),(73,393,10,1,'8:00','MIERCOLES',3),(74,408,10,1,'8:00','MIERCOLES',3),(75,423,10,1,'8:00','MIERCOLES',3),(76,435,10,1,'8:00','MIERCOLES',3),(77,468,10,1,'8:00','MIERCOLES',3),(78,486,10,1,'8:00','MIERCOLES',3),(79,500,10,1,'8:00','MIERCOLES',3),(80,515,10,1,'8:00','MIERCOLES',3),(81,533,10,1,'8:00','MIERCOLES',3),(82,548,10,1,'8:00','MIERCOLES',3),(83,561,10,1,'8:00','JUEVES',4),(84,562,10,1,'8:00','JUEVES',4),(85,512,10,1,'8:00','JUEVES',4),(86,500,10,1,'8:00','JUEVES',4),(87,481,10,1,'8:00','JUEVES',4),(88,460,10,1,'8:00','JUEVES',4),(89,442,10,1,'8:00','JUEVES',4),(90,423,10,1,'8:00','VIERNES',5),(91,406,10,1,'8:00','VIERNES',5),(92,394,10,1,'8:00','VIERNES',5),(93,382,10,1,'8:00','VIERNES',5),(94,367,10,1,'8:00','VIERNES',5),(95,346,10,1,'8:00','VIERNES',5),(96,328,10,1,'8:00','VIERNES',5),(97,310,10,1,'8:00','VIERNES',5),(98,299,10,1,'8:00','SABADO',6),(99,273,10,1,'8:00','SABADO',6),(100,255,10,1,'8:00','SABADO',6),(101,240,10,1,'8:00','SABADO',6),(102,222,10,1,'8:00','SABADO',6),(103,201,10,1,'8:00','SABADO',6),(104,183,10,1,'8:00','DOMINGO',7),(105,186,10,1,'8:00','DOMINGO',7),(106,185,10,1,'8:00','DOMINGO',7);
/*!40000 ALTER TABLE `alimentos_dietas` ENABLE KEYS */;
UNLOCK TABLES;

--
-- Table structure for table `arancels`
--

DROP TABLE IF EXISTS `arancels`;
/*!40101 SET @saved_cs_client     = @@character_set_client */;
/*!40101 SET character_set_client = utf8 */;
CREATE TABLE `arancels` (
  `id` int(11) NOT NULL AUTO_INCREMENT,
  `nombre` varchar(80) DEFAULT NULL,
  `precio` float DEFAULT NULL,
  `fecha` date DEFAULT NULL,
  `activo` int(5) DEFAULT NULL,
  `categoria` varchar(15) DEFAULT NULL,
  `dias` int(2) DEFAULT '0',
  PRIMARY KEY (`id`)
) ENGINE=InnoDB AUTO_INCREMENT=11 DEFAULT CHARSET=latin1;
/*!40101 SET character_set_client = @saved_cs_client */;

--
-- Dumping data for table `arancels`
--

LOCK TABLES `arancels` WRITE;
/*!40000 ALTER TABLE `arancels` DISABLE KEYS */;
INSERT INTO `arancels` VALUES (6,'PILATES 2 VECES POR SEMANA',300,'2015-04-10',1,'PILATES',2),(7,'MUSCULACION LIBRE SIN CINTA',320,'2015-04-10',1,'MUSCULACION',99),(8,'MUSCULACION LIBRE CON CINTA',400,'2015-04-10',1,'MUSCULACION',99),(9,'SPINNING LIBREM',410,'2015-04-10',1,'SPINNING',99),(10,'MUSCULACION LIBRE Y PILATES 2 VECES POR SEMANA',450,'2015-04-10',1,'COMBO',99);
/*!40000 ALTER TABLE `arancels` ENABLE KEYS */;
UNLOCK TABLES;

--
-- Table structure for table `articulos`
--

DROP TABLE IF EXISTS `articulos`;
/*!40101 SET @saved_cs_client     = @@character_set_client */;
/*!40101 SET character_set_client = utf8 */;
CREATE TABLE `articulos` (
  `id` int(11) NOT NULL AUTO_INCREMENT,
  `codigo` varchar(10) DEFAULT NULL,
  `articulo` varchar(20) DEFAULT NULL,
  `precio` float DEFAULT NULL,
  `precio_compra` float DEFAULT NULL,
  `stock` int(11) DEFAULT NULL,
  `descripcion` varchar(120) DEFAULT NULL,
  `proveedor_id` int(11) DEFAULT NULL,
  PRIMARY KEY (`id`)
) ENGINE=InnoDB AUTO_INCREMENT=3 DEFAULT CHARSET=latin1;
/*!40101 SET character_set_client = @saved_cs_client */;

--
-- Dumping data for table `articulos`
--

LOCK TABLES `articulos` WRITE;
/*!40000 ALTER TABLE `articulos` DISABLE KEYS */;
INSERT INTO `articulos` VALUES (1,'pwm','POWERADE 500 ML',12,8,54,'SABOR MANDARINA',NULL),(2,'ag','AGUA MINERAL',10,7,17,'LOS ANDES 500 ML',NULL);
/*!40000 ALTER TABLE `articulos` ENABLE KEYS */;
UNLOCK TABLES;

--
-- Table structure for table `articulos_compras`
--

DROP TABLE IF EXISTS `articulos_compras`;
/*!40101 SET @saved_cs_client     = @@character_set_client */;
/*!40101 SET character_set_client = utf8 */;
CREATE TABLE `articulos_compras` (
  `id` int(11) NOT NULL AUTO_INCREMENT,
  `compra_id` int(11) DEFAULT NULL,
  `articulo_id` int(11) DEFAULT NULL,
  `cantidad` float NOT NULL,
  `precio_final` float DEFAULT NULL,
  PRIMARY KEY (`id`)
) ENGINE=InnoDB AUTO_INCREMENT=7 DEFAULT CHARSET=latin1;
/*!40101 SET character_set_client = @saved_cs_client */;

--
-- Dumping data for table `articulos_compras`
--

LOCK TABLES `articulos_compras` WRITE;
/*!40000 ALTER TABLE `articulos_compras` DISABLE KEYS */;
INSERT INTO `articulos_compras` VALUES (4,3,1,5,8),(5,3,2,11,7),(6,4,1,31,8);
/*!40000 ALTER TABLE `articulos_compras` ENABLE KEYS */;
UNLOCK TABLES;

--
-- Table structure for table `articulos_ventas`
--

DROP TABLE IF EXISTS `articulos_ventas`;
/*!40101 SET @saved_cs_client     = @@character_set_client */;
/*!40101 SET character_set_client = utf8 */;
CREATE TABLE `articulos_ventas` (
  `id` int(11) NOT NULL AUTO_INCREMENT,
  `venta_id` int(11) DEFAULT NULL,
  `articulo_id` int(11) DEFAULT NULL,
  `cantidad` int(11) NOT NULL,
  `precio_final` int(11) DEFAULT NULL,
  PRIMARY KEY (`id`)
) ENGINE=InnoDB AUTO_INCREMENT=9 DEFAULT CHARSET=latin1;
/*!40101 SET character_set_client = @saved_cs_client */;

--
-- Dumping data for table `articulos_ventas`
--

LOCK TABLES `articulos_ventas` WRITE;
/*!40000 ALTER TABLE `articulos_ventas` DISABLE KEYS */;
INSERT INTO `articulos_ventas` VALUES (1,1,2,1,10),(2,2,2,1,10),(3,3,2,3,10),(4,3,1,1,12),(5,4,2,1,10),(6,4,1,1,12),(7,5,2,1,10),(8,5,1,1,12);
/*!40000 ALTER TABLE `articulos_ventas` ENABLE KEYS */;
UNLOCK TABLES;

--
-- Table structure for table `asistencias`
--

DROP TABLE IF EXISTS `asistencias`;
/*!40101 SET @saved_cs_client     = @@character_set_client */;
/*!40101 SET character_set_client = utf8 */;
CREATE TABLE `asistencias` (
  `ID_ASISTENCIA` int(11) NOT NULL AUTO_INCREMENT,
  `ID_DATOS_PERS` int(11) NOT NULL,
  `FECHA` date DEFAULT NULL,
  `ID_ACTIV` int(11) DEFAULT NULL,
  `ID_ACTIV_COMBO` int(11) DEFAULT NULL,
  PRIMARY KEY (`ID_ASISTENCIA`),
  KEY `FK_ASISTENCIA` (`ID_DATOS_PERS`),
  CONSTRAINT `FK_ASISTENCIA` FOREIGN KEY (`ID_DATOS_PERS`) REFERENCES `socios` (`ID_DATOS_PERS`) ON DELETE CASCADE
) ENGINE=InnoDB AUTO_INCREMENT=4 DEFAULT CHARSET=latin1;
/*!40101 SET character_set_client = @saved_cs_client */;

--
-- Dumping data for table `asistencias`
--

LOCK TABLES `asistencias` WRITE;
/*!40000 ALTER TABLE `asistencias` DISABLE KEYS */;
/*!40000 ALTER TABLE `asistencias` ENABLE KEYS */;
UNLOCK TABLES;

--
-- Table structure for table `categorias`
--

DROP TABLE IF EXISTS `categorias`;
/*!40101 SET @saved_cs_client     = @@character_set_client */;
/*!40101 SET character_set_client = utf8 */;
CREATE TABLE `categorias` (
  `id` int(11) NOT NULL AUTO_INCREMENT,
  `nombre` varchar(45) DEFAULT NULL,
  PRIMARY KEY (`id`)
) ENGINE=InnoDB AUTO_INCREMENT=7 DEFAULT CHARSET=latin1;
/*!40101 SET character_set_client = @saved_cs_client */;

--
-- Dumping data for table `categorias`
--

LOCK TABLES `categorias` WRITE;
/*!40000 ALTER TABLE `categorias` DISABLE KEYS */;
INSERT INTO `categorias` VALUES (1,'AEROBICO'),(2,'PILATES'),(3,'SPINNING'),(4,'MUSCULACION'),(5,'COMBO'),(6,'COMPRAS');
/*!40000 ALTER TABLE `categorias` ENABLE KEYS */;
UNLOCK TABLES;

--
-- Table structure for table `clase`
--

DROP TABLE IF EXISTS `clase`;
/*!40101 SET @saved_cs_client     = @@character_set_client */;
/*!40101 SET character_set_client = utf8 */;
CREATE TABLE `clase` (
  `ID_CLASE` int(11) NOT NULL AUTO_INCREMENT,
  `ID_PROFES` int(11) NOT NULL,
  `FECHA` date DEFAULT NULL,
  `ACTIV` bigint(20) DEFAULT NULL,
  PRIMARY KEY (`ID_CLASE`),
  KEY `FK_CLASE` (`ID_PROFES`),
  CONSTRAINT `FK_CLASE` FOREIGN KEY (`ID_PROFES`) REFERENCES `profes` (`ID_PROFES`) ON DELETE CASCADE
) ENGINE=InnoDB DEFAULT CHARSET=latin1;
/*!40101 SET character_set_client = @saved_cs_client */;

--
-- Dumping data for table `clase`
--

LOCK TABLES `clase` WRITE;
/*!40000 ALTER TABLE `clase` DISABLE KEYS */;
/*!40000 ALTER TABLE `clase` ENABLE KEYS */;
UNLOCK TABLES;

--
-- Table structure for table `combos`
--

DROP TABLE IF EXISTS `combos`;
/*!40101 SET @saved_cs_client     = @@character_set_client */;
/*!40101 SET character_set_client = utf8 */;
CREATE TABLE `combos` (
  `id_combo` int(11) NOT NULL,
  `id_activ` int(11) NOT NULL,
  `dias` int(11) DEFAULT NULL,
  PRIMARY KEY (`id_combo`,`id_activ`),
  KEY `fk_activ_combo` (`id_activ`),
  CONSTRAINT `fk_activ_combo` FOREIGN KEY (`id_activ`) REFERENCES `arancels` (`id`) ON DELETE CASCADE ON UPDATE NO ACTION,
  CONSTRAINT `fk_combo` FOREIGN KEY (`id_combo`) REFERENCES `arancels` (`id`) ON DELETE CASCADE ON UPDATE NO ACTION
) ENGINE=InnoDB DEFAULT CHARSET=latin1;
/*!40101 SET character_set_client = @saved_cs_client */;

--
-- Dumping data for table `combos`
--

LOCK TABLES `combos` WRITE;
/*!40000 ALTER TABLE `combos` DISABLE KEYS */;
INSERT INTO `combos` VALUES (10,6,2),(10,7,0);
/*!40000 ALTER TABLE `combos` ENABLE KEYS */;
UNLOCK TABLES;

--
-- Table structure for table `compras`
--

DROP TABLE IF EXISTS `compras`;
/*!40101 SET @saved_cs_client     = @@character_set_client */;
/*!40101 SET character_set_client = utf8 */;
CREATE TABLE `compras` (
  `id` int(11) NOT NULL AUTO_INCREMENT,
  `monto` float DEFAULT NULL,
  `proveedor_id` int(11) DEFAULT NULL,
  `fecha` date NOT NULL,
  `pago` int(11) DEFAULT '0',
  `fecha_pago` date DEFAULT NULL,
  `descuento` float DEFAULT '0',
  `pago_id` int(11) DEFAULT NULL,
  PRIMARY KEY (`id`)
) ENGINE=InnoDB AUTO_INCREMENT=5 DEFAULT CHARSET=latin1;
/*!40101 SET character_set_client = @saved_cs_client */;

--
-- Dumping data for table `compras`
--

LOCK TABLES `compras` WRITE;
/*!40000 ALTER TABLE `compras` DISABLE KEYS */;
INSERT INTO `compras` VALUES (3,117,2,'2015-04-06',1,'2015-04-10',0,2),(4,248,2,'2015-04-08',0,NULL,0,NULL);
/*!40000 ALTER TABLE `compras` ENABLE KEYS */;
UNLOCK TABLES;

--
-- Table structure for table `datos`
--

DROP TABLE IF EXISTS `datos`;
/*!40101 SET @saved_cs_client     = @@character_set_client */;
/*!40101 SET character_set_client = utf8 */;
CREATE TABLE `datos` (
  `id` int(11) NOT NULL AUTO_INCREMENT,
  `descripcion` varchar(200) DEFAULT NULL,
  `categoria_id` int(11) DEFAULT NULL,
  `ingreso_egreso` varchar(7) DEFAULT NULL,
  PRIMARY KEY (`id`)
) ENGINE=InnoDB AUTO_INCREMENT=14 DEFAULT CHARSET=latin1;
/*!40101 SET character_set_client = @saved_cs_client */;

--
-- Dumping data for table `datos`
--

LOCK TABLES `datos` WRITE;
/*!40000 ALTER TABLE `datos` DISABLE KEYS */;
INSERT INTO `datos` VALUES (8,'MEMBRESIA PILATES 2 VECES POR SEMANA',2,'ingreso'),(9,'MEMBRESIA MUSCULACION LIBRE SIN CINTA',4,'ingreso'),(10,'MEMBRESIA MUSCULACION LIBRE CON CINTA',4,'ingreso'),(11,'MEMBRESIA SPINNING LIBREM',3,'ingreso'),(12,'MEMBRESIA MUSCULACION LIBRE Y PILATES 2 VECES POR SEMANA',5,'ingreso'),(13,'2-Coca cola',6,'egreso');
/*!40000 ALTER TABLE `datos` ENABLE KEYS */;
UNLOCK TABLES;

--
-- Table structure for table `demos`
--

DROP TABLE IF EXISTS `demos`;
/*!40101 SET @saved_cs_client     = @@character_set_client */;
/*!40101 SET character_set_client = utf8 */;
CREATE TABLE `demos` (
  `id` int(11) NOT NULL AUTO_INCREMENT,
  `fecha` date DEFAULT NULL,
  `dias` int(11) DEFAULT '7',
  `activado` int(1) DEFAULT NULL,
  PRIMARY KEY (`id`)
) ENGINE=InnoDB AUTO_INCREMENT=4 DEFAULT CHARSET=latin1;
/*!40101 SET character_set_client = @saved_cs_client */;

--
-- Dumping data for table `demos`
--

LOCK TABLES `demos` WRITE;
/*!40000 ALTER TABLE `demos` DISABLE KEYS */;
INSERT INTO `demos` VALUES (3,'2015-04-19',7,1);
/*!40000 ALTER TABLE `demos` ENABLE KEYS */;
UNLOCK TABLES;

--
-- Table structure for table `dias`
--

DROP TABLE IF EXISTS `dias`;
/*!40101 SET @saved_cs_client     = @@character_set_client */;
/*!40101 SET character_set_client = utf8 */;
CREATE TABLE `dias` (
  `id` int(11) NOT NULL AUTO_INCREMENT,
  `rutina_id` int(10) DEFAULT NULL,
  `dia` varchar(15) DEFAULT NULL,
  PRIMARY KEY (`id`)
) ENGINE=InnoDB AUTO_INCREMENT=8 DEFAULT CHARSET=latin1;
/*!40101 SET character_set_client = @saved_cs_client */;

--
-- Dumping data for table `dias`
--

LOCK TABLES `dias` WRITE;
/*!40000 ALTER TABLE `dias` DISABLE KEYS */;
INSERT INTO `dias` VALUES (1,1,'LUNES'),(2,1,'MARTES'),(3,1,'MIERCOLES'),(4,1,'JUEVES'),(5,1,'VIERNES'),(6,1,'SABADO'),(7,1,'DOMINGO');
/*!40000 ALTER TABLE `dias` ENABLE KEYS */;
UNLOCK TABLES;

--
-- Table structure for table `dias_ejercicios`
--

DROP TABLE IF EXISTS `dias_ejercicios`;
/*!40101 SET @saved_cs_client     = @@character_set_client */;
/*!40101 SET character_set_client = utf8 */;
CREATE TABLE `dias_ejercicios` (
  `id` int(11) NOT NULL AUTO_INCREMENT,
  `dia_id` int(10) DEFAULT NULL,
  `ejercicio_id` int(10) DEFAULT NULL,
  `series` int(10) DEFAULT '0',
  `repeticiones` int(10) DEFAULT '0',
  `tiempo` varchar(100) DEFAULT '0',
  PRIMARY KEY (`id`)
) ENGINE=InnoDB AUTO_INCREMENT=13 DEFAULT CHARSET=latin1;
/*!40101 SET character_set_client = @saved_cs_client */;

--
-- Dumping data for table `dias_ejercicios`
--

LOCK TABLES `dias_ejercicios` WRITE;
/*!40000 ALTER TABLE `dias_ejercicios` DISABLE KEYS */;
INSERT INTO `dias_ejercicios` VALUES (1,1,21,3,15,'0'),(2,1,20,3,15,'0'),(3,1,19,3,15,'0'),(4,2,4,3,15,'0'),(5,2,5,3,15,'0'),(6,3,3,3,15,'0'),(7,3,10,3,15,'0'),(8,4,31,3,15,'0'),(9,5,17,3,15,'0'),(10,5,15,3,15,'0'),(11,5,50,3,15,'0'),(12,5,14,3,15,'0');
/*!40000 ALTER TABLE `dias_ejercicios` ENABLE KEYS */;
UNLOCK TABLES;

--
-- Table structure for table `dietas`
--

DROP TABLE IF EXISTS `dietas`;
/*!40101 SET @saved_cs_client     = @@character_set_client */;
/*!40101 SET character_set_client = utf8 */;
CREATE TABLE `dietas` (
  `id` int(11) NOT NULL AUTO_INCREMENT,
  `nombre` varchar(45) NOT NULL,
  `descripcion` varchar(300) DEFAULT NULL,
  PRIMARY KEY (`id`)
) ENGINE=InnoDB AUTO_INCREMENT=12 DEFAULT CHARSET=latin1;
/*!40101 SET character_set_client = @saved_cs_client */;

--
-- Dumping data for table `dietas`
--

LOCK TABLES `dietas` WRITE;
/*!40000 ALTER TABLE `dietas` DISABLE KEYS */;
INSERT INTO `dietas` VALUES (10,'Dieta para adelgazar','Dieta para adelgazar rapido');
/*!40000 ALTER TABLE `dietas` ENABLE KEYS */;
UNLOCK TABLES;

--
-- Table structure for table `ejercicios`
--

DROP TABLE IF EXISTS `ejercicios`;
/*!40101 SET @saved_cs_client     = @@character_set_client */;
/*!40101 SET character_set_client = utf8 */;
CREATE TABLE `ejercicios` (
  `id` int(11) NOT NULL AUTO_INCREMENT,
  `ejercicio` varchar(120) DEFAULT NULL,
  `grupo` varchar(20) DEFAULT NULL,
  PRIMARY KEY (`id`)
) ENGINE=InnoDB AUTO_INCREMENT=88 DEFAULT CHARSET=latin1;
/*!40101 SET character_set_client = @saved_cs_client */;

--
-- Dumping data for table `ejercicios`
--

LOCK TABLES `ejercicios` WRITE;
/*!40000 ALTER TABLE `ejercicios` DISABLE KEYS */;
INSERT INTO `ejercicios` VALUES (1,'APERTURAS CON MANCUERNAS EN BANCO INCLINADO','PECTORALES'),(2,'APERTURAS CON MANCUERNAS EN BANCO PLANO','PECTORALES'),(3,'CURL DE ANTEBRAZOS CON BARRA EN PRONACIÓN','ANTEBRAZOS'),(4,'CURL DE ANTEBRAZOS CON BARRA EN SUPINACIÓN','ANTEBRAZOS'),(5,'CURL DE BÍCEPS ALTERNOS CON SUPINACIÓN','BÍCEPS'),(6,'CURL DE BÍCEPS CON BARRA','BÍCEPS'),(7,'CURL DE BÍCEPS CON BARRA Y AGARRE PRONADO','BÍCEPS'),(8,'CURL DE BÍCEPS CON MANCUERNA (PREDICADOR)','BÍCEPS'),(9,'CURL DE BÍCEPS CONCENTRADO','BÍCEPS'),(10,'CURL DE BÍCEPS MARTILLO','BÍCEPS'),(11,'DIPPINGS (ENTRE DOS BANCOS)','TRÍCEPS'),(12,'DOMINADAS AGARRE ANCHO PRONADO','ESPALDA'),(13,'DOMINADAS AGARRE ESTRECHO EN SUPINACIÓN','ESPALDA'),(14,'DOMINADAS AGARRE ESTRECHO PRONADO','ESPALDA'),(15,'ELEVACIÓN DE TALONES DE PIE CON BARRA TRASNUCA','GEMELOS'),(16,'ELEVACIÓN DE TALONES SENTADO CON BARRA','GEMELOS'),(17,'ELEVACIÓN DE UN TALÓN CON MANCUERNA','GEMELOS'),(18,'ELEVACIONES DE PIERNAS SUSPENDIDO EN BARRA FIJA','ABDOMINALES'),(19,'ELEVACIONES DEL TRONCO EN BANCO INCLINADO','ABDOMINALES'),(20,'ELEVACIONES DEL TRONCO EN EL SUELO','ABDOMINALES'),(21,'ELEVACIONES DEL TRONCO EN ESPALDERA','ABDOMINALES'),(22,'ELEVACIONES FRONTALES ALTERNAS CON MANCUERNAS','HOMBROS'),(23,'ELEVACIONES FRONTALES CON BARRA','HOMBROS'),(24,'ELEVACIONES FRONTALES CON UNA MANCUERNA A DOS MANOS','HOMBROS'),(25,'ELEVACIONES LATERALES ACOSTADO DE LADO','HOMBROS'),(26,'ELEVACIONES LATERALES DE LOS BRAZOS CON MANCUERNAS','HOMBROS'),(27,'ELEVACIONES OBLICUAS DEL TRONCO EN EL SUELO','ABDOMINALES'),(28,'ELEVACIONES PÁJARO','ESPALDA'),(29,'ENCOGIMIENTO ABDOMINALES','ABDOMINALES'),(30,'ENCOGIMIENTO DE HOMBROS CON BARRA','ESPALDA'),(31,'ENCOGIMIENTO Y ROTACIÓN DE LOS HOMBROS CON MANCUERNAS','ESPALDA'),(32,'EXTENSIÓN ALTERNADA DE LOS ANTEBRAZOS CON MANCUERNA, TRONCO INCLINADO HACIA DELANTE','TRÍCEPS'),(33,'EXTENSIÓN DE BRAZOS, DE PIE, CON BARRA','TRÍCEPS'),(34,'EXTENSIÓN DE BRAZOS, SENTADO, CON BARRA','TRÍCEPS'),(35,'EXTENSIÓN DE LOS ANTEBRAZOS SENTADO, CON UNA MANCUERNA COGIDA A DOS MANOS','TRÍCEPS'),(36,'EXTENSIÓN DE LOS ANTEBRAZOS, DE PIE, CON BARRA EZ','TRÍCEPS'),(37,'EXTENSIÓN VERTICAL ALTERNADA DE LOS BRAZOS CON MANCUERNA','TRÍCEPS'),(38,'FLEXIÓN DE MUSLOS CON MANCUERNAS','GLÚTEOS'),(39,'FLEXIÓN DEL TRONCO AL FRENTE \"BUENOS DÍAS\"','GLÚTEOS'),(40,'FLEXIÓN LATERAL DEL TRONCO CON MANCUERNA','ABDOMINALES'),(41,'FLEXIONES DE BRAZOS EN EL SUELO','TRÍCEPS'),(42,'FLEXIONES DE LOS BRAZOS EN EL SUELO CON LOS PUÑOS','MUÑECAS (ENDURECER)'),(43,'FONDOS EN PARALELAS, AGARRE EXTERIOR','PECTORALES'),(44,'FONDOS EN PARALELAS, AGARRE INTERIOR','TRÍCEPS'),(45,'PATADAS TRASERAS','TRÍCEPS'),(46,'PESO MUERTO CON BARRA','ESPALDA'),(47,'PESO MUERTO CON BARRA Ø4 CM','ESPALDA'),(48,'PESO MUERTO ESTILO \"SUMO\"','ESPALDA'),(49,'PESO MUERTO PIERNAS RÍGIDAS','FEMORALES'),(50,'PESO MUERTO, PIERNAS SEMIRRÍGIDAS','FEMORALES'),(51,'PRESS CON MANCUERNAS EN BANCO INCLINADO','PECTORALES'),(52,'PRESS CON MANCUERNAS EN BANCO PLANO','PECTORALES'),(53,'PRESS DE BANCO DECLINADO','PECTORALES'),(54,'PRESS DE BANCO INCLINADO','PECTORALES'),(55,'PRESS DE BANCO PLANO','PECTORALES'),(56,'PRESS DE BANCO PLANO CON BARRA Ø4 CM','PECTORALES'),(57,'PRESS DE BANCO PLANO MANOS JUNTAS','PECTORALES'),(58,'PRESS DE PIE CON MANCUERNAS','HOMBROS'),(59,'PRESS FRANCÉS EN BANCO PLANO CON BARRA','TRÍCEPS'),(60,'PRESS FRANCÉS EN BANCO PLANO CON BARRA EZ','TRÍCEPS'),(61,'PRESS FRANCÉS EN BANCO PLANO CON MANCUERNAS','TRÍCEPS'),(62,'PRESS FRONTAL CON BARRA (PRESS MILITAR)','HOMBROS'),(63,'PRESS FRONTAL CON BARRA Ø4 CM (PRESS MILITAR)','HOMBROS'),(64,'PRESS FRONTAL CON ROTACIÓN DE LA MUÑECA','HOMBROS'),(65,'PRESS MILITAR CON BARRA TRASNUCA, BARRA EZ','HOMBROS'),(66,'PRESS SENTADO CON MANCUERNAS','HOMBROS'),(67,'PRESS TRASNUCA CON BARRA','HOMBROS'),(68,'PULL-OVER CON BARRA','PECTORALES'),(69,'PULL-OVER CON MANCUERNA','PECTORALES'),(70,'REMO AL CUELLO CON MANOS JUNTAS','ESPALDA'),(71,'REMO AL CUELLO, MANOS SEPARADAS','HOMBROS'),(72,'REMO HORIZONTAL A UNA MANO CON MANCUERNA','ESPALDA'),(73,'REMO HORIZONTAL CON BARRA Ø4 CM, MANOS EN PRONACIÓN','ESPALDA'),(74,'REMO HORIZONTAL CON BARRA, MANOS EN PRONACIÓN','ESPALDA'),(75,'REMO HORIZONTAL CON BARRA, MANOS EN SUPINACIÓN','ESPALDA'),(76,'REMO HORIZONTAL CON BARRA, TIPO T','ESPALDA'),(77,'ROTACIÓN DE HOMBROS CON BARRA, POR DELANTE','ESPALDA'),(78,'ROTACIÓN DE HOMBROS CON BARRA, POR DETRÁS','ESPALDA'),(79,'ROTACIÓN DE HOMBROS CON MANCUERNAS','ESPALDA'),(80,'ROTACIÓN DEL TRONCO CON BASTÓN','ABDOMINALES'),(81,'SENTADILLAS','CUÁDRICEPS'),(82,'SENTADILLAS CON BARRA PIERNAS SEPARADAS','CUÁDRICEPS'),(83,'SENTADILLAS FRONTALES CON BARRA','CUÁDRICEPS'),(84,'SENTADILLAS FRONTALES, AGARRE OLÍMPICO','CUÁDRICEPS'),(85,'SENTADILLAS PROFUNDAS','CUÁDRICEPS'),(86,'TWIST SOVIÉTICO','ABDOMINALES'),(87,'ZANCADAS \"LUNGES\"','GLÚTEOS');
/*!40000 ALTER TABLE `ejercicios` ENABLE KEYS */;
UNLOCK TABLES;

--
-- Table structure for table `emails`
--

DROP TABLE IF EXISTS `emails`;
/*!40101 SET @saved_cs_client     = @@character_set_client */;
/*!40101 SET character_set_client = utf8 */;
CREATE TABLE `emails` (
  `email` varchar(45) NOT NULL,
  `password` varchar(45) DEFAULT NULL,
  `id` int(11) NOT NULL AUTO_INCREMENT,
  PRIMARY KEY (`id`,`email`)
) ENGINE=InnoDB DEFAULT CHARSET=latin1;
/*!40101 SET character_set_client = @saved_cs_client */;

--
-- Dumping data for table `emails`
--

LOCK TABLES `emails` WRITE;
/*!40000 ALTER TABLE `emails` DISABLE KEYS */;
/*!40000 ALTER TABLE `emails` ENABLE KEYS */;
UNLOCK TABLES;

--
-- Table structure for table `envios`
--

DROP TABLE IF EXISTS `envios`;
/*!40101 SET @saved_cs_client     = @@character_set_client */;
/*!40101 SET character_set_client = utf8 */;
CREATE TABLE `envios` (
  `fecha` date NOT NULL,
  `enviado` int(11) DEFAULT NULL,
  `id` int(11) NOT NULL AUTO_INCREMENT,
  PRIMARY KEY (`id`,`fecha`)
) ENGINE=InnoDB DEFAULT CHARSET=latin1;
/*!40101 SET character_set_client = @saved_cs_client */;

--
-- Dumping data for table `envios`
--

LOCK TABLES `envios` WRITE;
/*!40000 ALTER TABLE `envios` DISABLE KEYS */;
/*!40000 ALTER TABLE `envios` ENABLE KEYS */;
UNLOCK TABLES;

--
-- Table structure for table `fichas`
--

DROP TABLE IF EXISTS `fichas`;
/*!40101 SET @saved_cs_client     = @@character_set_client */;
/*!40101 SET character_set_client = utf8 */;
CREATE TABLE `fichas` (
  `ID_FICHA_MEDICA` int(11) NOT NULL AUTO_INCREMENT,
  `ID_DATOS_PERS` int(11) NOT NULL,
  `TEL_EMERG` varchar(20) DEFAULT NULL,
  `GRUPO_SANG` varchar(2) DEFAULT NULL,
  `FACTOR` varchar(3) DEFAULT NULL,
  `ALERGICO` varchar(30) DEFAULT NULL,
  `MEDICAM` varchar(30) DEFAULT NULL,
  `OBSERV` varchar(3000) DEFAULT NULL,
  `ARTROSIS` int(2) DEFAULT NULL,
  `ASMA` int(2) DEFAULT NULL,
  `CARDIACO` int(2) DEFAULT NULL,
  `DIABETES` int(2) DEFAULT NULL,
  `EMBARAZO` int(2) DEFAULT NULL,
  `ENDOCRINOLOGIA` int(2) DEFAULT NULL,
  `HUESOS` int(2) DEFAULT NULL,
  `PULMONARES` int(2) DEFAULT NULL,
  `EPILEPTICO` int(2) DEFAULT NULL,
  `HIPERTENSION` int(2) DEFAULT NULL,
  `DEPORTIVA` int(2) DEFAULT NULL,
  `OBESIDAD` int(2) DEFAULT NULL,
  `REUMA` int(2) DEFAULT NULL,
  PRIMARY KEY (`ID_FICHA_MEDICA`),
  KEY `FK_FICHA_MEDICA` (`ID_DATOS_PERS`),
  CONSTRAINT `FK_FICHA_MEDICA` FOREIGN KEY (`ID_DATOS_PERS`) REFERENCES `socios` (`ID_DATOS_PERS`) ON DELETE CASCADE
) ENGINE=InnoDB AUTO_INCREMENT=2 DEFAULT CHARSET=latin1;
/*!40101 SET character_set_client = @saved_cs_client */;

--
-- Dumping data for table `fichas`
--

LOCK TABLES `fichas` WRITE;
/*!40000 ALTER TABLE `fichas` DISABLE KEYS */;
INSERT INTO `fichas` VALUES (1,2,'3587213122','AB','RH-','alergico al polem','','es hipertenso',1,0,0,0,1,0,0,0,0,1,0,0,0);
/*!40000 ALTER TABLE `fichas` ENABLE KEYS */;
UNLOCK TABLES;

--
-- Table structure for table `gastos`
--

DROP TABLE IF EXISTS `gastos`;
/*!40101 SET @saved_cs_client     = @@character_set_client */;
/*!40101 SET character_set_client = utf8 */;
CREATE TABLE `gastos` (
  `id` int(11) NOT NULL AUTO_INCREMENT,
  `dato_id` int(11) DEFAULT NULL,
  `monto` float DEFAULT NULL,
  `fecha` date DEFAULT NULL,
  `descrip` varchar(200) DEFAULT NULL,
  PRIMARY KEY (`id`)
) ENGINE=InnoDB AUTO_INCREMENT=24 DEFAULT CHARSET=latin1;
/*!40101 SET character_set_client = @saved_cs_client */;

--
-- Dumping data for table `gastos`
--

LOCK TABLES `gastos` WRITE;
/*!40000 ALTER TABLE `gastos` DISABLE KEYS */;
INSERT INTO `gastos` VALUES (5,10,800,'2015-04-10','PAGOS DE MEMBRESIA MUSCULACION LIBRE CON CINTA'),(6,12,450,'2015-04-10','PAGOS DE MEMBRESIA MUSCULACION LIBRE Y PILATES 2 VECES POR SEMANA'),(7,8,600,'2015-04-10','PAGOS DE MEMBRESIA PILATES 2 VECES POR SEMANA'),(12,9,640,'2015-04-10','PAGOS DE MEMBRESIA MUSCULACION LIBRE SIN CINTA'),(13,11,820,'2015-04-10','PAGOS DE MEMBRESIA SPINNING LIBRE'),(14,8,300,'2015-03-11','PAGOS DE MEMBRESIA PILATES 2 VECES POR SEMANA'),(15,12,450,'2015-03-11','PAGOS DE MEMBRESIA MUSCULACION LIBRE Y PILATES 2 VECES POR SEMANA'),(16,13,-117,'2015-04-10','Pago total de compra id =  3'),(22,15,62,'2015-04-19','PAGO DE VENTA'),(23,15,44,'2015-04-20','PAGO DE VENTA');
/*!40000 ALTER TABLE `gastos` ENABLE KEYS */;
UNLOCK TABLES;

--
-- Table structure for table `huellas`
--

DROP TABLE IF EXISTS `huellas`;
/*!40101 SET @saved_cs_client     = @@character_set_client */;
/*!40101 SET character_set_client = utf8 */;
CREATE TABLE `huellas` (
  `id` int(11) NOT NULL AUTO_INCREMENT,
  `huella` blob,
  `dedo` varchar(45) DEFAULT NULL,
  `client_id` int(11) DEFAULT NULL,
  PRIMARY KEY (`id`),
  KEY `fk_cliente` (`client_id`),
  CONSTRAINT `fk_cliente` FOREIGN KEY (`client_id`) REFERENCES `socios` (`ID_DATOS_PERS`) ON DELETE CASCADE ON UPDATE NO ACTION
) ENGINE=InnoDB DEFAULT CHARSET=latin1;
/*!40101 SET character_set_client = @saved_cs_client */;

--
-- Dumping data for table `huellas`
--

LOCK TABLES `huellas` WRITE;
/*!40000 ALTER TABLE `huellas` DISABLE KEYS */;
/*!40000 ALTER TABLE `huellas` ENABLE KEYS */;
UNLOCK TABLES;

--
-- Table structure for table `pagoproveedors`
--

DROP TABLE IF EXISTS `pagoproveedors`;
/*!40101 SET @saved_cs_client     = @@character_set_client */;
/*!40101 SET character_set_client = utf8 */;
CREATE TABLE `pagoproveedors` (
  `id` int(11) NOT NULL AUTO_INCREMENT,
  `fecha` date DEFAULT NULL,
  `monto` float DEFAULT NULL,
  `proveedor_id` int(11) DEFAULT NULL,
  `descripcion` varchar(100) DEFAULT NULL,
  PRIMARY KEY (`id`)
) ENGINE=InnoDB AUTO_INCREMENT=3 DEFAULT CHARSET=latin1;
/*!40101 SET character_set_client = @saved_cs_client */;

--
-- Dumping data for table `pagoproveedors`
--

LOCK TABLES `pagoproveedors` WRITE;
/*!40000 ALTER TABLE `pagoproveedors` DISABLE KEYS */;
INSERT INTO `pagoproveedors` VALUES (1,'2015-04-09',179,1,''),(2,'2015-04-10',117,2,'');
/*!40000 ALTER TABLE `pagoproveedors` ENABLE KEYS */;
UNLOCK TABLES;

--
-- Table structure for table `pagos`
--

DROP TABLE IF EXISTS `pagos`;
/*!40101 SET @saved_cs_client     = @@character_set_client */;
/*!40101 SET character_set_client = utf8 */;
CREATE TABLE `pagos` (
  `ID_PAGOS` int(11) NOT NULL AUTO_INCREMENT,
  `ID_DATOS_PERS` int(11) NOT NULL,
  `FECHA` date DEFAULT NULL,
  `MONTO` float DEFAULT NULL,
  `MODO` varchar(100) DEFAULT NULL,
  `DESCRIPCION` varchar(100) DEFAULT NULL,
  PRIMARY KEY (`ID_PAGOS`),
  UNIQUE KEY `ID_PAGOS_UNIQUE` (`ID_PAGOS`),
  KEY `FK_PAGOS` (`ID_DATOS_PERS`),
  CONSTRAINT `FK_PAGOS` FOREIGN KEY (`ID_DATOS_PERS`) REFERENCES `socios` (`ID_DATOS_PERS`) ON DELETE CASCADE
) ENGINE=InnoDB AUTO_INCREMENT=15 DEFAULT CHARSET=latin1;
/*!40101 SET character_set_client = @saved_cs_client */;

--
-- Dumping data for table `pagos`
--

LOCK TABLES `pagos` WRITE;
/*!40000 ALTER TABLE `pagos` DISABLE KEYS */;
INSERT INTO `pagos` VALUES (4,4,'2015-04-10',400,'EFECTIVO','MEMBRESIA PAGADA EN EFECTIVO'),(5,2,'2015-04-10',450,'EFECTIVO','MEMBRESIA PAGADA EN EFECTIVO'),(6,3,'2015-04-10',300,'EFECTIVO','MEMBRESIA PAGADA EN EFECTIVO'),(9,5,'2015-04-10',730,'EFECTIVO','MEMBRESIA PAGADA EN EFECTIVO'),(10,6,'2015-04-10',730,'CUENTA','MEMBRESIA AGREGADA A LA CUENTA'),(11,7,'2015-04-10',700,'CUENTA','MEMBRESIA AGREGADA A LA CUENTA'),(12,8,'2015-03-11',750,'EFECTIVO','MEMBRESIA PAGADA EN EFECTIVO');
/*!40000 ALTER TABLE `pagos` ENABLE KEYS */;
UNLOCK TABLES;

--
-- Table structure for table `profes`
--

DROP TABLE IF EXISTS `profes`;
/*!40101 SET @saved_cs_client     = @@character_set_client */;
/*!40101 SET character_set_client = utf8 */;
CREATE TABLE `profes` (
  `ID_PROFES` int(11) NOT NULL AUTO_INCREMENT,
  `NOMBRE` varchar(20) DEFAULT NULL,
  `APELLIDO` varchar(20) DEFAULT NULL,
  `DNI` varchar(12) DEFAULT NULL,
  `FECHA_NAC` date DEFAULT NULL,
  `DIR` varchar(30) DEFAULT NULL,
  `TEL` varchar(20) DEFAULT NULL,
  `SEXO` char(1) DEFAULT NULL,
  `OBSERV` varchar(3000) DEFAULT NULL,
  PRIMARY KEY (`ID_PROFES`)
) ENGINE=InnoDB DEFAULT CHARSET=latin1;
/*!40101 SET character_set_client = @saved_cs_client */;

--
-- Dumping data for table `profes`
--

LOCK TABLES `profes` WRITE;
/*!40000 ALTER TABLE `profes` DISABLE KEYS */;
/*!40000 ALTER TABLE `profes` ENABLE KEYS */;
UNLOCK TABLES;

--
-- Table structure for table `proveedors`
--

DROP TABLE IF EXISTS `proveedors`;
/*!40101 SET @saved_cs_client     = @@character_set_client */;
/*!40101 SET character_set_client = utf8 */;
CREATE TABLE `proveedors` (
  `id` int(11) NOT NULL AUTO_INCREMENT,
  `nombre` varchar(100) NOT NULL,
  `cuit` varchar(45) DEFAULT NULL,
  `direccion` varchar(100) DEFAULT NULL,
  `telefono` varchar(45) DEFAULT NULL,
  `celular` varchar(45) DEFAULT NULL,
  `email` varchar(45) DEFAULT NULL,
  `cuenta_corriente` float DEFAULT '0',
  `forma_de_pago` varchar(45) DEFAULT NULL,
  PRIMARY KEY (`id`)
) ENGINE=InnoDB AUTO_INCREMENT=3 DEFAULT CHARSET=latin1;
/*!40101 SET character_set_client = @saved_cs_client */;

--
-- Dumping data for table `proveedors`
--

LOCK TABLES `proveedors` WRITE;
/*!40000 ALTER TABLE `proveedors` DISABLE KEYS */;
INSERT INTO `proveedors` VALUES (2,'Coca cola','','','358-5981223','','cocacola@cocacola.comar',-248,'');
/*!40000 ALTER TABLE `proveedors` ENABLE KEYS */;
UNLOCK TABLES;

--
-- Table structure for table `pventas`
--

DROP TABLE IF EXISTS `pventas`;
/*!40101 SET @saved_cs_client     = @@character_set_client */;
/*!40101 SET character_set_client = utf8 */;
CREATE TABLE `pventas` (
  `id` int(11) NOT NULL AUTO_INCREMENT,
  `ID_DATOS_PERS` int(11) NOT NULL,
  `fecha` date DEFAULT NULL,
  `monto` float DEFAULT NULL,
  `modo` varchar(100) DEFAULT NULL,
  PRIMARY KEY (`id`),
  UNIQUE KEY `id_UNIQUE` (`id`),
  KEY `FK_pventas` (`ID_DATOS_PERS`),
  CONSTRAINT `FK_pventas` FOREIGN KEY (`ID_DATOS_PERS`) REFERENCES `socios` (`ID_DATOS_PERS`) ON DELETE CASCADE
) ENGINE=InnoDB AUTO_INCREMENT=20 DEFAULT CHARSET=latin1;
/*!40101 SET character_set_client = @saved_cs_client */;

--
-- Dumping data for table `pventas`
--

LOCK TABLES `pventas` WRITE;
/*!40000 ALTER TABLE `pventas` DISABLE KEYS */;
INSERT INTO `pventas` VALUES (16,7,'2015-04-19',10,'PAGO DE VENTA'),(17,7,'2015-04-19',42,'PAGO DE VENTA'),(18,6,'2015-04-20',22,'PAGO DE VENTA'),(19,7,'2015-04-20',22,'PAGO DE VENTA');
/*!40000 ALTER TABLE `pventas` ENABLE KEYS */;
UNLOCK TABLES;

--
-- Table structure for table `rutinas`
--

DROP TABLE IF EXISTS `rutinas`;
/*!40101 SET @saved_cs_client     = @@character_set_client */;
/*!40101 SET character_set_client = utf8 */;
CREATE TABLE `rutinas` (
  `id` int(11) NOT NULL AUTO_INCREMENT,
  `socio_id` int(10) DEFAULT NULL,
  `descrip` varchar(200) DEFAULT NULL,
  `fecha_inicio` date DEFAULT NULL,
  `fecha_fin` date DEFAULT NULL,
  PRIMARY KEY (`id`)
) ENGINE=InnoDB AUTO_INCREMENT=2 DEFAULT CHARSET=latin1;
/*!40101 SET character_set_client = @saved_cs_client */;

--
-- Dumping data for table `rutinas`
--

LOCK TABLES `rutinas` WRITE;
/*!40000 ALTER TABLE `rutinas` DISABLE KEYS */;
INSERT INTO `rutinas` VALUES (1,12312331,'','2015-04-20','2015-05-20');
/*!40000 ALTER TABLE `rutinas` ENABLE KEYS */;
UNLOCK TABLES;

--
-- Table structure for table `socioarancels`
--

DROP TABLE IF EXISTS `socioarancels`;
/*!40101 SET @saved_cs_client     = @@character_set_client */;
/*!40101 SET character_set_client = utf8 */;
CREATE TABLE `socioarancels` (
  `id` int(11) NOT NULL AUTO_INCREMENT,
  `id_socio` int(11) DEFAULT NULL,
  `id_arancel` int(11) DEFAULT NULL,
  PRIMARY KEY (`id`),
  KEY `fk_cliente_arancel` (`id_socio`),
  KEY `fk_arancel` (`id_arancel`),
  CONSTRAINT `fk_arancel` FOREIGN KEY (`id_arancel`) REFERENCES `arancels` (`id`) ON DELETE CASCADE ON UPDATE NO ACTION,
  CONSTRAINT `fk_cliente_arancel` FOREIGN KEY (`id_socio`) REFERENCES `socios` (`ID_DATOS_PERS`) ON DELETE CASCADE ON UPDATE NO ACTION
) ENGINE=InnoDB AUTO_INCREMENT=43 DEFAULT CHARSET=latin1;
/*!40101 SET character_set_client = @saved_cs_client */;

--
-- Dumping data for table `socioarancels`
--

LOCK TABLES `socioarancels` WRITE;
/*!40000 ALTER TABLE `socioarancels` DISABLE KEYS */;
INSERT INTO `socioarancels` VALUES (8,4,8),(10,2,10),(11,3,6),(18,5,7),(19,5,9),(22,6,7),(23,6,9),(27,7,6),(28,7,8),(31,8,6),(32,8,10);
/*!40000 ALTER TABLE `socioarancels` ENABLE KEYS */;
UNLOCK TABLES;

--
-- Table structure for table `socios`
--

DROP TABLE IF EXISTS `socios`;
/*!40101 SET @saved_cs_client     = @@character_set_client */;
/*!40101 SET character_set_client = utf8 */;
CREATE TABLE `socios` (
  `ID_DATOS_PERS` int(11) NOT NULL AUTO_INCREMENT,
  `NOMBRE` varchar(50) DEFAULT NULL,
  `APELLIDO` varchar(50) DEFAULT NULL,
  `DNI` varchar(20) DEFAULT NULL,
  `FECHA_NAC` varchar(10) DEFAULT NULL,
  `FECHA_ING` date DEFAULT NULL,
  `DIR` varchar(200) DEFAULT NULL,
  `TEL` varchar(50) DEFAULT NULL,
  `SEXO` char(1) DEFAULT NULL,
  `FECHA_ULT_PAGO` date DEFAULT NULL,
  `ACTIV` bigint(20) DEFAULT NULL,
  `FECHA_PROX_PAGO` date DEFAULT NULL,
  `ACTIVO` int(2) DEFAULT NULL,
  `CUENTA_CORRIENTE` float DEFAULT '0',
  `FACEBOOK` varchar(100) DEFAULT NULL,
  `NOSCONOCIOPOR` varchar(30) DEFAULT NULL,
  `CELULAR` varchar(50) DEFAULT NULL,
  `MAIL` varchar(100) DEFAULT NULL,
  PRIMARY KEY (`ID_DATOS_PERS`)
) ENGINE=InnoDB AUTO_INCREMENT=9 DEFAULT CHARSET=latin1;
/*!40101 SET character_set_client = @saved_cs_client */;

--
-- Dumping data for table `socios`
--

LOCK TABLES `socios` WRITE;
/*!40000 ALTER TABLE `socios` DISABLE KEYS */;
INSERT INTO `socios` VALUES (2,'PEDRO','GOMEZ','37134821','2015-04-08','2015-04-08','LOS CEIBOS 123','','M','2015-04-10',NULL,'2015-05-10',1,0,'PedroPerez','VIO EL GIMNASIO','',''),(3,'JULIO ','PEREZ','12921322','2015-04-10','2015-04-10','CASEROS 2913','123512451','M','2015-04-10',NULL,'2015-05-10',1,0,'julioPerez','POR TV','',''),(4,'ALBERTO','GOMEZ','30192312','2015-04-10','2015-04-10','SAN MARTIN 200','31231231','M','2015-04-10',NULL,'2015-05-10',1,0,'','REDES SOCIALES','',''),(5,'AGUSTINA','GMEZ','1234775','2015-04-10','2015-04-10','DIRECCION 1231','91231','F','2015-04-10',NULL,'2015-05-10',1,0,'','UN AMIGO/A','',''),(6,'SOFIA','LOPEZ','12312312','2015-04-10','2015-04-10','BUENOS AIRES 200','12312312','F','2015-04-10',NULL,'2015-05-10',1,-730,'','VIO EL GIMNASIO','',''),(7,'AGUSTIN','GONZALEZ','12312331','2015-04-10','2015-04-10','ADSDAS 123','','M','2015-04-10',NULL,'2015-05-10',1,-700,'','NO ESPECIFICA','',''),(8,'MARTIN','MARTINEZ','12312321','2015-04-10','2015-04-10','ASDASDAS 123','','M','2015-03-11',NULL,'2015-04-11',0,0,'','NO ESPECIFICA','','');
/*!40000 ALTER TABLE `socios` ENABLE KEYS */;
UNLOCK TABLES;

--
-- Table structure for table `socios_dietas`
--

DROP TABLE IF EXISTS `socios_dietas`;
/*!40101 SET @saved_cs_client     = @@character_set_client */;
/*!40101 SET character_set_client = utf8 */;
CREATE TABLE `socios_dietas` (
  `id` int(11) NOT NULL AUTO_INCREMENT,
  `socio_id` varchar(45) NOT NULL,
  `dieta_id` varchar(45) NOT NULL,
  `desde` date DEFAULT NULL,
  `hasta` date DEFAULT NULL,
  PRIMARY KEY (`id`,`socio_id`,`dieta_id`)
) ENGINE=InnoDB AUTO_INCREMENT=5 DEFAULT CHARSET=latin1;
/*!40101 SET character_set_client = @saved_cs_client */;

--
-- Dumping data for table `socios_dietas`
--

LOCK TABLES `socios_dietas` WRITE;
/*!40000 ALTER TABLE `socios_dietas` DISABLE KEYS */;
INSERT INTO `socios_dietas` VALUES (3,'2','10','2015-04-09','2015-04-09');
/*!40000 ALTER TABLE `socios_dietas` ENABLE KEYS */;
UNLOCK TABLES;

--
-- Table structure for table `users`
--

DROP TABLE IF EXISTS `users`;
/*!40101 SET @saved_cs_client     = @@character_set_client */;
/*!40101 SET character_set_client = utf8 */;
CREATE TABLE `users` (
  `id` int(11) NOT NULL AUTO_INCREMENT,
  `USUARIO` varchar(20) DEFAULT NULL,
  `PASSWD` varchar(20) DEFAULT NULL,
  `ADMINIS` int(2) DEFAULT NULL,
  PRIMARY KEY (`id`)
) ENGINE=InnoDB AUTO_INCREMENT=4 DEFAULT CHARSET=latin1;
/*!40101 SET character_set_client = @saved_cs_client */;

--
-- Dumping data for table `users`
--

LOCK TABLES `users` WRITE;
/*!40000 ALTER TABLE `users` DISABLE KEYS */;
INSERT INTO `users` VALUES (3,'admin','tecpro',1);
/*!40000 ALTER TABLE `users` ENABLE KEYS */;
UNLOCK TABLES;

--
-- Table structure for table `ventas`
--

DROP TABLE IF EXISTS `ventas`;
/*!40101 SET @saved_cs_client     = @@character_set_client */;
/*!40101 SET character_set_client = utf8 */;
CREATE TABLE `ventas` (
  `id` int(11) NOT NULL AUTO_INCREMENT,
  `monto` float DEFAULT NULL,
  `socio_id` int(11) DEFAULT NULL,
  `fecha` date NOT NULL,
  `forma_pago` varchar(20) DEFAULT NULL,
  PRIMARY KEY (`id`)
) ENGINE=InnoDB AUTO_INCREMENT=6 DEFAULT CHARSET=latin1;
/*!40101 SET character_set_client = @saved_cs_client */;

--
-- Dumping data for table `ventas`
--

LOCK TABLES `ventas` WRITE;
/*!40000 ALTER TABLE `ventas` DISABLE KEYS */;
INSERT INTO `ventas` VALUES (1,10,7,'2015-04-19',NULL),(2,10,7,'2015-04-19',NULL),(3,42,7,'2015-04-19',NULL),(4,22,6,'2015-04-20',NULL),(5,22,7,'2015-04-20',NULL);
/*!40000 ALTER TABLE `ventas` ENABLE KEYS */;
UNLOCK TABLES;
/*!40103 SET TIME_ZONE=@OLD_TIME_ZONE */;

/*!40101 SET SQL_MODE=@OLD_SQL_MODE */;
/*!40014 SET FOREIGN_KEY_CHECKS=@OLD_FOREIGN_KEY_CHECKS */;
/*!40014 SET UNIQUE_CHECKS=@OLD_UNIQUE_CHECKS */;
/*!40101 SET CHARACTER_SET_CLIENT=@OLD_CHARACTER_SET_CLIENT */;
/*!40101 SET CHARACTER_SET_RESULTS=@OLD_CHARACTER_SET_RESULTS */;
/*!40101 SET COLLATION_CONNECTION=@OLD_COLLATION_CONNECTION */;
/*!40111 SET SQL_NOTES=@OLD_SQL_NOTES */;

-- Dump completed on 2015-04-20  0:24:37
